{"v":"5.1.8","fr":24,"ip":0,"op":24,"w":750,"h":450,"nm":"free flower","ddd":0,"assets":[{"id":"image_0","w":73,"h":119,"u":"images/","p":"img_0.png"}],"layers":[{"ddd":0,"ind":1,"ty":2,"nm":"花花@2x.png","cl":"png","refId":"image_0","sr":1,"ks":{"o":{"a":1,"k":[{"i":{"x":[0.833],"y":[0.833]},"o":{"x":[0.167],"y":[0.167]},"n":["0p833_0p833_0p167_0p167"],"t":0,"s":[0],"e":[100]},{"i":{"x":[0.833],"y":[0.833]},"o":{"x":[0.167],"y":[0.167]},"n":["0p833_0p833_0p167_0p167"],"t":3,"s":[100],"e":[100]},{"i":{"x":[0.833],"y":[0.833]},"o":{"x":[0.167],"y":[0.167]},"n":["0p833_0p833_0p167_0p167"],"t":22,"s":[100],"e":[0]},{"t":24}],"ix":11},"r":{"a":1,"k":[{"i":{"x":[0.833],"y":[0.833]},"o":{"x":[0.167],"y":[0.167]},"n":["0p833_0p833_0p167_0p167"],"t":0,"s":[0],"e":[-60]},{"i":{"x":[0.833],"y":[0.833]},"o":{"x":[0.167],"y":[0.167]},"n":["0p833_0p833_0p167_0p167"],"t":10,"s":[-60],"e":[-101]},{"i":{"x":[0.833],"y":[0.833]},"o":{"x":[0.167],"y":[0.167]},"n":["0p833_0p833_0p167_0p167"],"t":16,"s":[-101],"e":[-166]},{"t":24}],"ix":10},"p":{"a":1,"k":[{"i":{"x":0.516,"y":0.781},"o":{"x":0.24,"y":0},"n":"0p516_0p781_0p24_0","t":0,"s":[351,445,0],"e":[226.201,79.282,0],"to":[-8.63439464569092,-240.214508056641,0],"ti":[58.336597442627,0.69731974601746,0]},{"i":{"x":0.669,"y":1},"o":{"x":0.397,"y":0.179},"n":"0p669_1_0p397_0p179","t":12,"s":[226.201,79.282,0],"e":[99,444,0],"to":[-57.2470703125,-0.68429619073868,0],"ti":[12.2170753479004,-246.570297241211,0]},{"t":24}],"ix":2},"a":{"a":0,"k":[36.5,59.5,0],"ix":1},"s":{"a":0,"k":[100,100,100],"ix":6}},"ao":0,"ip":0,"op":24,"st":0,"bm":0}],"markers":[]}