{"v":"5.1.8","fr":20,"ip":0,"op":180,"w":750,"h":750,"nm":"mg","ddd":0,"assets":[{"id":"image_0","w":151,"h":64,"u":"images/","p":"img_0.png"},{"id":"image_1","w":326,"h":316,"u":"images/","p":"img_1.png"},{"id":"image_2","w":418,"h":418,"u":"images/","p":"img_2.png"},{"id":"image_3","w":78,"h":28,"u":"images/","p":"img_3.png"},{"id":"image_4","w":110,"h":32,"u":"images/","p":"img_4.png"},{"id":"image_5","w":418,"h":418,"u":"images/","p":"img_5.png"},{"id":"image_6","w":87,"h":88,"u":"images/","p":"img_6.png"},{"id":"image_7","w":162,"h":185,"u":"images/","p":"img_7.png"},{"id":"image_8","w":293,"h":408,"u":"images/","p":"img_8.png"},{"id":"image_9","w":418,"h":418,"u":"images/","p":"img_9.png"}],"layers":[{"ddd":0,"ind":1,"ty":4,"nm":"yinfu13","sr":1,"ks":{"o":{"a":1,"k":[{"i":{"x":[0.833],"y":[0.833]},"o":{"x":[0.167],"y":[0.167]},"n":["0p833_0p833_0p167_0p167"],"t":147,"s":[0],"e":[100]},{"i":{"x":[0.833],"y":[0.833]},"o":{"x":[0.167],"y":[0.167]},"n":["0p833_0p833_0p167_0p167"],"t":154.5,"s":[100],"e":[0]},{"t":162}],"ix":11},"r":{"a":1,"k":[{"i":{"x":[0.833],"y":[0.833]},"o":{"x":[0.167],"y":[0.167]},"n":["0p833_0p833_0p167_0p167"],"t":147,"s":[0],"e":[-33]},{"t":162}],"ix":10},"p":{"a":1,"k":[{"i":{"x":0.833,"y":0.833},"o":{"x":0.167,"y":0.167},"n":"0p833_0p833_0p167_0p167","t":147,"s":[289,358,0],"e":[129,361,0],"to":[-26.6666660308838,0.5,0],"ti":[26.6666660308838,-0.5,0]},{"t":162}],"ix":2},"a":{"a":0,"k":[20,20,0],"ix":1},"s":{"a":1,"k":[{"i":{"x":[0.833,0.833,0.833],"y":[0.833,0.833,0.833]},"o":{"x":[0.167,0.167,0.167],"y":[0.167,0.167,0.167]},"n":["0p833_0p833_0p167_0p167","0p833_0p833_0p167_0p167","0p833_0p833_0p167_0p167"],"t":147,"s":[80,80,100],"e":[100,100,100]},{"t":162}],"ix":6}},"ao":0,"shapes":[{"ty":"gr","it":[{"ind":0,"ty":"sh","ix":1,"ks":{"a":0,"k":{"i":[[2.408,0],[0,0],[0,-2.938],[0,0],[2.021,-0.344],[-0.775,-4.673],[-5.461,0.904],[0.775,4.673],[0.1,0.316],[0,2.28],[0,0],[-0.674,0],[0,0],[-0.071,2.337]],"o":[[0,0],[-2.939,0],[0,0],[-1.72,-0.631],[-5.462,0.918],[0.788,4.673],[5.462,-0.917],[-0.057,-0.33],[-0.674,-2.178],[0,0],[0,-0.674],[0,0],[2.337,0],[0.058,-2.422]],"v":[[10.307,-18.285],[5.605,-18.285],[0.287,-12.967],[0.287,0.939],[-5.418,0.437],[-13.89,10.557],[-2.595,17.381],[5.877,7.26],[5.648,6.299],[4.587,-0.424],[4.587,-8.48],[5.806,-9.697],[10.221,-9.697],[14.607,-13.87]],"c":true},"ix":2},"nm":"路径 1","mn":"ADBE Vector Shape - Group","hd":false},{"ty":"fl","c":{"a":0,"k":[1,1,1,1],"ix":4},"o":{"a":0,"k":100,"ix":5},"r":1,"nm":"填充 1","mn":"ADBE Vector Graphic - Fill","hd":false},{"ty":"tr","p":{"a":0,"k":[19.691,20.373],"ix":2},"a":{"a":0,"k":[0,0],"ix":1},"s":{"a":0,"k":[100,100],"ix":3},"r":{"a":0,"k":0,"ix":6},"o":{"a":0,"k":100,"ix":7},"sk":{"a":0,"k":0,"ix":4},"sa":{"a":0,"k":0,"ix":5},"nm":"变换"}],"nm":"组 1","np":2,"cix":2,"ix":1,"mn":"ADBE Vector Group","hd":false}],"ip":133,"op":173,"st":133,"bm":0},{"ddd":0,"ind":2,"ty":4,"nm":"yinfu12","sr":1,"ks":{"o":{"a":1,"k":[{"i":{"x":[0.833],"y":[0.833]},"o":{"x":[0.167],"y":[0.167]},"n":["0p833_0p833_0p167_0p167"],"t":154,"s":[0],"e":[100]},{"i":{"x":[0.833],"y":[0.833]},"o":{"x":[0.167],"y":[0.167]},"n":["0p833_0p833_0p167_0p167"],"t":161.5,"s":[100],"e":[0]},{"t":169}],"ix":11},"r":{"a":1,"k":[{"i":{"x":[0.833],"y":[0.833]},"o":{"x":[0.167],"y":[0.167]},"n":["0p833_0p833_0p167_0p167"],"t":154,"s":[0],"e":[-33]},{"t":169}],"ix":10},"p":{"a":1,"k":[{"i":{"x":0.833,"y":0.833},"o":{"x":0.167,"y":0.167},"n":"0p833_0p833_0p167_0p167","t":154,"s":[286,358,0],"e":[159,275,0],"to":[-21.1666660308838,-13.8333330154419,0],"ti":[21.1666660308838,13.8333330154419,0]},{"t":169}],"ix":2},"a":{"a":0,"k":[20,20,0],"ix":1},"s":{"a":1,"k":[{"i":{"x":[0.833,0.833,0.833],"y":[0.833,0.833,0.833]},"o":{"x":[0.167,0.167,0.167],"y":[0.167,0.167,0.167]},"n":["0p833_0p833_0p167_0p167","0p833_0p833_0p167_0p167","0p833_0p833_0p167_0p167"],"t":154,"s":[80,80,100],"e":[100,100,100]},{"t":169}],"ix":6}},"ao":0,"shapes":[{"ty":"gr","it":[{"ind":0,"ty":"sh","ix":1,"ks":{"a":0,"k":{"i":[[0,0],[0.721,-0.741],[0.007,-0.981],[0,0],[0,0],[1.543,-0.011],[0.011,-4.077],[-3.955,-0.003],[-0.005,4.08],[0,0],[0,0],[0,0],[1.556,0.015],[-0.006,-4.057],[-3.964,0.008],[0.011,4.083],[0,0],[0,0],[0.733,0.757],[0.938,0.005]],"o":[[-0.969,0.002],[-0.724,0.751],[0,0],[0,0],[-1.171,-0.86],[-3.972,-0.006],[0.011,4.059],[3.956,0.002],[0,0],[0,0],[0,0],[-1.175,-0.862],[-3.958,0.007],[-0.008,4.09],[3.957,-0.01],[0,0],[0,0],[0.002,-0.983],[-0.722,-0.73],[0,0]],"v":[[-3.548,-17.245],[-6.176,-16.132],[-7.26,-13.428],[-7.247,-8.773],[-7.245,3.831],[-11.387,2.473],[-18.576,9.839],[-11.389,17.201],[-4.221,9.829],[-4.245,-8.766],[15.54,-8.738],[15.536,3.865],[11.389,2.482],[4.229,9.855],[11.4,17.238],[18.564,9.852],[18.561,-8.751],[18.561,-13.389],[17.458,-16.102],[14.842,-17.21]],"c":true},"ix":2},"nm":"路径 1","mn":"ADBE Vector Shape - Group","hd":false},{"ty":"fl","c":{"a":0,"k":[1,1,1,1],"ix":4},"o":{"a":0,"k":100,"ix":5},"r":1,"nm":"填充 1","mn":"ADBE Vector Graphic - Fill","hd":false},{"ty":"tr","p":{"a":0,"k":[20.006,20.004],"ix":2},"a":{"a":0,"k":[0,0],"ix":1},"s":{"a":0,"k":[100,100],"ix":3},"r":{"a":0,"k":0,"ix":6},"o":{"a":0,"k":100,"ix":7},"sk":{"a":0,"k":0,"ix":4},"sa":{"a":0,"k":0,"ix":5},"nm":"变换"}],"nm":"组 1","np":2,"cix":2,"ix":1,"mn":"ADBE Vector Group","hd":false}],"ip":133,"op":173,"st":133,"bm":0},{"ddd":0,"ind":3,"ty":4,"nm":"yinfu11","sr":1,"ks":{"o":{"a":1,"k":[{"i":{"x":[0.833],"y":[0.833]},"o":{"x":[0.167],"y":[0.167]},"n":["0p833_0p833_0p167_0p167"],"t":140,"s":[0],"e":[100]},{"i":{"x":[0.833],"y":[0.833]},"o":{"x":[0.167],"y":[0.167]},"n":["0p833_0p833_0p167_0p167"],"t":147.5,"s":[100],"e":[0]},{"t":155}],"ix":11},"r":{"a":1,"k":[{"i":{"x":[0.833],"y":[0.833]},"o":{"x":[0.167],"y":[0.167]},"n":["0p833_0p833_0p167_0p167"],"t":140,"s":[0],"e":[-33]},{"t":155}],"ix":10},"p":{"a":1,"k":[{"i":{"x":0.833,"y":0.833},"o":{"x":0.167,"y":0.167},"n":"0p833_0p833_0p167_0p167","t":140,"s":[286,358,0],"e":[159,275,0],"to":[-21.1666660308838,-13.8333330154419,0],"ti":[21.1666660308838,13.8333330154419,0]},{"t":155}],"ix":2},"a":{"a":0,"k":[20,20,0],"ix":1},"s":{"a":1,"k":[{"i":{"x":[0.833,0.833,0.833],"y":[0.833,0.833,0.833]},"o":{"x":[0.167,0.167,0.167],"y":[0.167,0.167,0.167]},"n":["0p833_0p833_0p167_0p167","0p833_0p833_0p167_0p167","0p833_0p833_0p167_0p167"],"t":140,"s":[80,80,100],"e":[100,100,100]},{"t":155}],"ix":6}},"ao":0,"shapes":[{"ty":"gr","it":[{"ind":0,"ty":"sh","ix":1,"ks":{"a":0,"k":{"i":[[0,0],[0.721,-0.741],[0.007,-0.981],[0,0],[0,0],[1.543,-0.011],[0.011,-4.077],[-3.955,-0.003],[-0.005,4.08],[0,0],[0,0],[0,0],[1.556,0.015],[-0.006,-4.057],[-3.964,0.008],[0.011,4.083],[0,0],[0,0],[0.733,0.757],[0.938,0.005]],"o":[[-0.969,0.002],[-0.724,0.751],[0,0],[0,0],[-1.171,-0.86],[-3.972,-0.006],[0.011,4.059],[3.956,0.002],[0,0],[0,0],[0,0],[-1.175,-0.862],[-3.958,0.007],[-0.008,4.09],[3.957,-0.01],[0,0],[0,0],[0.002,-0.983],[-0.722,-0.73],[0,0]],"v":[[-3.548,-17.245],[-6.176,-16.132],[-7.26,-13.428],[-7.247,-8.773],[-7.245,3.831],[-11.387,2.473],[-18.576,9.839],[-11.389,17.201],[-4.221,9.829],[-4.245,-8.766],[15.54,-8.738],[15.536,3.865],[11.389,2.482],[4.229,9.855],[11.4,17.238],[18.564,9.852],[18.561,-8.751],[18.561,-13.389],[17.458,-16.102],[14.842,-17.21]],"c":true},"ix":2},"nm":"路径 1","mn":"ADBE Vector Shape - Group","hd":false},{"ty":"fl","c":{"a":0,"k":[1,1,1,1],"ix":4},"o":{"a":0,"k":100,"ix":5},"r":1,"nm":"填充 1","mn":"ADBE Vector Graphic - Fill","hd":false},{"ty":"tr","p":{"a":0,"k":[20.006,20.004],"ix":2},"a":{"a":0,"k":[0,0],"ix":1},"s":{"a":0,"k":[100,100],"ix":3},"r":{"a":0,"k":0,"ix":6},"o":{"a":0,"k":100,"ix":7},"sk":{"a":0,"k":0,"ix":4},"sa":{"a":0,"k":0,"ix":5},"nm":"变换"}],"nm":"组 1","np":2,"cix":2,"ix":1,"mn":"ADBE Vector Group","hd":false}],"ip":119,"op":159,"st":119,"bm":0},{"ddd":0,"ind":4,"ty":4,"nm":"yinfu10","sr":1,"ks":{"o":{"a":1,"k":[{"i":{"x":[0.833],"y":[0.833]},"o":{"x":[0.167],"y":[0.167]},"n":["0p833_0p833_0p167_0p167"],"t":133,"s":[0],"e":[100]},{"i":{"x":[0.833],"y":[0.833]},"o":{"x":[0.167],"y":[0.167]},"n":["0p833_0p833_0p167_0p167"],"t":140.5,"s":[100],"e":[0]},{"t":148}],"ix":11},"r":{"a":1,"k":[{"i":{"x":[0.833],"y":[0.833]},"o":{"x":[0.167],"y":[0.167]},"n":["0p833_0p833_0p167_0p167"],"t":133,"s":[0],"e":[-33]},{"t":148}],"ix":10},"p":{"a":1,"k":[{"i":{"x":0.833,"y":0.833},"o":{"x":0.167,"y":0.167},"n":"0p833_0p833_0p167_0p167","t":133,"s":[289,358,0],"e":[129,361,0],"to":[-26.6666660308838,0.5,0],"ti":[26.6666660308838,-0.5,0]},{"t":148}],"ix":2},"a":{"a":0,"k":[20,20,0],"ix":1},"s":{"a":1,"k":[{"i":{"x":[0.833,0.833,0.833],"y":[0.833,0.833,0.833]},"o":{"x":[0.167,0.167,0.167],"y":[0.167,0.167,0.167]},"n":["0p833_0p833_0p167_0p167","0p833_0p833_0p167_0p167","0p833_0p833_0p167_0p167"],"t":133,"s":[80,80,100],"e":[100,100,100]},{"t":148}],"ix":6}},"ao":0,"shapes":[{"ty":"gr","it":[{"ind":0,"ty":"sh","ix":1,"ks":{"a":0,"k":{"i":[[2.408,0],[0,0],[0,-2.938],[0,0],[2.021,-0.344],[-0.775,-4.673],[-5.461,0.904],[0.775,4.673],[0.1,0.316],[0,2.28],[0,0],[-0.674,0],[0,0],[-0.071,2.337]],"o":[[0,0],[-2.939,0],[0,0],[-1.72,-0.631],[-5.462,0.918],[0.788,4.673],[5.462,-0.917],[-0.057,-0.33],[-0.674,-2.178],[0,0],[0,-0.674],[0,0],[2.337,0],[0.058,-2.422]],"v":[[10.307,-18.285],[5.605,-18.285],[0.287,-12.967],[0.287,0.939],[-5.418,0.437],[-13.89,10.557],[-2.595,17.381],[5.877,7.26],[5.648,6.299],[4.587,-0.424],[4.587,-8.48],[5.806,-9.697],[10.221,-9.697],[14.607,-13.87]],"c":true},"ix":2},"nm":"路径 1","mn":"ADBE Vector Shape - Group","hd":false},{"ty":"fl","c":{"a":0,"k":[1,1,1,1],"ix":4},"o":{"a":0,"k":100,"ix":5},"r":1,"nm":"填充 1","mn":"ADBE Vector Graphic - Fill","hd":false},{"ty":"tr","p":{"a":0,"k":[19.691,20.373],"ix":2},"a":{"a":0,"k":[0,0],"ix":1},"s":{"a":0,"k":[100,100],"ix":3},"r":{"a":0,"k":0,"ix":6},"o":{"a":0,"k":100,"ix":7},"sk":{"a":0,"k":0,"ix":4},"sa":{"a":0,"k":0,"ix":5},"nm":"变换"}],"nm":"组 1","np":2,"cix":2,"ix":1,"mn":"ADBE Vector Group","hd":false}],"ip":119,"op":159,"st":119,"bm":0},{"ddd":0,"ind":5,"ty":4,"nm":"yinfu9","sr":1,"ks":{"o":{"a":1,"k":[{"i":{"x":[0.833],"y":[0.833]},"o":{"x":[0.167],"y":[0.167]},"n":["0p833_0p833_0p167_0p167"],"t":126,"s":[0],"e":[100]},{"i":{"x":[0.833],"y":[0.833]},"o":{"x":[0.167],"y":[0.167]},"n":["0p833_0p833_0p167_0p167"],"t":133.5,"s":[100],"e":[0]},{"t":141}],"ix":11},"r":{"a":1,"k":[{"i":{"x":[0.833],"y":[0.833]},"o":{"x":[0.167],"y":[0.167]},"n":["0p833_0p833_0p167_0p167"],"t":126,"s":[0],"e":[-33]},{"t":141}],"ix":10},"p":{"a":1,"k":[{"i":{"x":0.833,"y":0.833},"o":{"x":0.167,"y":0.167},"n":"0p833_0p833_0p167_0p167","t":126,"s":[286,358,0],"e":[159,275,0],"to":[-21.1666660308838,-13.8333330154419,0],"ti":[21.1666660308838,13.8333330154419,0]},{"t":141}],"ix":2},"a":{"a":0,"k":[20,20,0],"ix":1},"s":{"a":1,"k":[{"i":{"x":[0.833,0.833,0.833],"y":[0.833,0.833,0.833]},"o":{"x":[0.167,0.167,0.167],"y":[0.167,0.167,0.167]},"n":["0p833_0p833_0p167_0p167","0p833_0p833_0p167_0p167","0p833_0p833_0p167_0p167"],"t":126,"s":[80,80,100],"e":[100,100,100]},{"t":141}],"ix":6}},"ao":0,"shapes":[{"ty":"gr","it":[{"ind":0,"ty":"sh","ix":1,"ks":{"a":0,"k":{"i":[[0,0],[0.721,-0.741],[0.007,-0.981],[0,0],[0,0],[1.543,-0.011],[0.011,-4.077],[-3.955,-0.003],[-0.005,4.08],[0,0],[0,0],[0,0],[1.556,0.015],[-0.006,-4.057],[-3.964,0.008],[0.011,4.083],[0,0],[0,0],[0.733,0.757],[0.938,0.005]],"o":[[-0.969,0.002],[-0.724,0.751],[0,0],[0,0],[-1.171,-0.86],[-3.972,-0.006],[0.011,4.059],[3.956,0.002],[0,0],[0,0],[0,0],[-1.175,-0.862],[-3.958,0.007],[-0.008,4.09],[3.957,-0.01],[0,0],[0,0],[0.002,-0.983],[-0.722,-0.73],[0,0]],"v":[[-3.548,-17.245],[-6.176,-16.132],[-7.26,-13.428],[-7.247,-8.773],[-7.245,3.831],[-11.387,2.473],[-18.576,9.839],[-11.389,17.201],[-4.221,9.829],[-4.245,-8.766],[15.54,-8.738],[15.536,3.865],[11.389,2.482],[4.229,9.855],[11.4,17.238],[18.564,9.852],[18.561,-8.751],[18.561,-13.389],[17.458,-16.102],[14.842,-17.21]],"c":true},"ix":2},"nm":"路径 1","mn":"ADBE Vector Shape - Group","hd":false},{"ty":"fl","c":{"a":0,"k":[1,1,1,1],"ix":4},"o":{"a":0,"k":100,"ix":5},"r":1,"nm":"填充 1","mn":"ADBE Vector Graphic - Fill","hd":false},{"ty":"tr","p":{"a":0,"k":[20.006,20.004],"ix":2},"a":{"a":0,"k":[0,0],"ix":1},"s":{"a":0,"k":[100,100],"ix":3},"r":{"a":0,"k":0,"ix":6},"o":{"a":0,"k":100,"ix":7},"sk":{"a":0,"k":0,"ix":4},"sa":{"a":0,"k":0,"ix":5},"nm":"变换"}],"nm":"组 1","np":2,"cix":2,"ix":1,"mn":"ADBE Vector Group","hd":false}],"ip":105,"op":145,"st":105,"bm":0},{"ddd":0,"ind":6,"ty":4,"nm":"yinfu8","sr":1,"ks":{"o":{"a":1,"k":[{"i":{"x":[0.833],"y":[0.833]},"o":{"x":[0.167],"y":[0.167]},"n":["0p833_0p833_0p167_0p167"],"t":119,"s":[0],"e":[100]},{"i":{"x":[0.833],"y":[0.833]},"o":{"x":[0.167],"y":[0.167]},"n":["0p833_0p833_0p167_0p167"],"t":126.5,"s":[100],"e":[0]},{"t":134}],"ix":11},"r":{"a":1,"k":[{"i":{"x":[0.833],"y":[0.833]},"o":{"x":[0.167],"y":[0.167]},"n":["0p833_0p833_0p167_0p167"],"t":119,"s":[0],"e":[-33]},{"t":134}],"ix":10},"p":{"a":1,"k":[{"i":{"x":0.833,"y":0.833},"o":{"x":0.167,"y":0.167},"n":"0p833_0p833_0p167_0p167","t":119,"s":[289,358,0],"e":[129,361,0],"to":[-26.6666660308838,0.5,0],"ti":[26.6666660308838,-0.5,0]},{"t":134}],"ix":2},"a":{"a":0,"k":[20,20,0],"ix":1},"s":{"a":1,"k":[{"i":{"x":[0.833,0.833,0.833],"y":[0.833,0.833,0.833]},"o":{"x":[0.167,0.167,0.167],"y":[0.167,0.167,0.167]},"n":["0p833_0p833_0p167_0p167","0p833_0p833_0p167_0p167","0p833_0p833_0p167_0p167"],"t":119,"s":[80,80,100],"e":[100,100,100]},{"t":134}],"ix":6}},"ao":0,"shapes":[{"ty":"gr","it":[{"ind":0,"ty":"sh","ix":1,"ks":{"a":0,"k":{"i":[[2.408,0],[0,0],[0,-2.938],[0,0],[2.021,-0.344],[-0.775,-4.673],[-5.461,0.904],[0.775,4.673],[0.1,0.316],[0,2.28],[0,0],[-0.674,0],[0,0],[-0.071,2.337]],"o":[[0,0],[-2.939,0],[0,0],[-1.72,-0.631],[-5.462,0.918],[0.788,4.673],[5.462,-0.917],[-0.057,-0.33],[-0.674,-2.178],[0,0],[0,-0.674],[0,0],[2.337,0],[0.058,-2.422]],"v":[[10.307,-18.285],[5.605,-18.285],[0.287,-12.967],[0.287,0.939],[-5.418,0.437],[-13.89,10.557],[-2.595,17.381],[5.877,7.26],[5.648,6.299],[4.587,-0.424],[4.587,-8.48],[5.806,-9.697],[10.221,-9.697],[14.607,-13.87]],"c":true},"ix":2},"nm":"路径 1","mn":"ADBE Vector Shape - Group","hd":false},{"ty":"fl","c":{"a":0,"k":[1,1,1,1],"ix":4},"o":{"a":0,"k":100,"ix":5},"r":1,"nm":"填充 1","mn":"ADBE Vector Graphic - Fill","hd":false},{"ty":"tr","p":{"a":0,"k":[19.691,20.373],"ix":2},"a":{"a":0,"k":[0,0],"ix":1},"s":{"a":0,"k":[100,100],"ix":3},"r":{"a":0,"k":0,"ix":6},"o":{"a":0,"k":100,"ix":7},"sk":{"a":0,"k":0,"ix":4},"sa":{"a":0,"k":0,"ix":5},"nm":"变换"}],"nm":"组 1","np":2,"cix":2,"ix":1,"mn":"ADBE Vector Group","hd":false}],"ip":105,"op":145,"st":105,"bm":0},{"ddd":0,"ind":7,"ty":4,"nm":"yinfu7","sr":1,"ks":{"o":{"a":1,"k":[{"i":{"x":[0.833],"y":[0.833]},"o":{"x":[0.167],"y":[0.167]},"n":["0p833_0p833_0p167_0p167"],"t":113,"s":[0],"e":[100]},{"i":{"x":[0.833],"y":[0.833]},"o":{"x":[0.167],"y":[0.167]},"n":["0p833_0p833_0p167_0p167"],"t":120.5,"s":[100],"e":[0]},{"t":128}],"ix":11},"r":{"a":1,"k":[{"i":{"x":[0.833],"y":[0.833]},"o":{"x":[0.167],"y":[0.167]},"n":["0p833_0p833_0p167_0p167"],"t":113,"s":[0],"e":[-33]},{"t":128}],"ix":10},"p":{"a":1,"k":[{"i":{"x":0.833,"y":0.833},"o":{"x":0.167,"y":0.167},"n":"0p833_0p833_0p167_0p167","t":113,"s":[286,358,0],"e":[159,275,0],"to":[-21.1666660308838,-13.8333330154419,0],"ti":[21.1666660308838,13.8333330154419,0]},{"t":128}],"ix":2},"a":{"a":0,"k":[20,20,0],"ix":1},"s":{"a":1,"k":[{"i":{"x":[0.833,0.833,0.833],"y":[0.833,0.833,0.833]},"o":{"x":[0.167,0.167,0.167],"y":[0.167,0.167,0.167]},"n":["0p833_0p833_0p167_0p167","0p833_0p833_0p167_0p167","0p833_0p833_0p167_0p167"],"t":113,"s":[80,80,100],"e":[100,100,100]},{"t":128}],"ix":6}},"ao":0,"shapes":[{"ty":"gr","it":[{"ind":0,"ty":"sh","ix":1,"ks":{"a":0,"k":{"i":[[0,0],[0.721,-0.741],[0.007,-0.981],[0,0],[0,0],[1.543,-0.011],[0.011,-4.077],[-3.955,-0.003],[-0.005,4.08],[0,0],[0,0],[0,0],[1.556,0.015],[-0.006,-4.057],[-3.964,0.008],[0.011,4.083],[0,0],[0,0],[0.733,0.757],[0.938,0.005]],"o":[[-0.969,0.002],[-0.724,0.751],[0,0],[0,0],[-1.171,-0.86],[-3.972,-0.006],[0.011,4.059],[3.956,0.002],[0,0],[0,0],[0,0],[-1.175,-0.862],[-3.958,0.007],[-0.008,4.09],[3.957,-0.01],[0,0],[0,0],[0.002,-0.983],[-0.722,-0.73],[0,0]],"v":[[-3.548,-17.245],[-6.176,-16.132],[-7.26,-13.428],[-7.247,-8.773],[-7.245,3.831],[-11.387,2.473],[-18.576,9.839],[-11.389,17.201],[-4.221,9.829],[-4.245,-8.766],[15.54,-8.738],[15.536,3.865],[11.389,2.482],[4.229,9.855],[11.4,17.238],[18.564,9.852],[18.561,-8.751],[18.561,-13.389],[17.458,-16.102],[14.842,-17.21]],"c":true},"ix":2},"nm":"路径 1","mn":"ADBE Vector Shape - Group","hd":false},{"ty":"fl","c":{"a":0,"k":[1,1,1,1],"ix":4},"o":{"a":0,"k":100,"ix":5},"r":1,"nm":"填充 1","mn":"ADBE Vector Graphic - Fill","hd":false},{"ty":"tr","p":{"a":0,"k":[20.006,20.004],"ix":2},"a":{"a":0,"k":[0,0],"ix":1},"s":{"a":0,"k":[100,100],"ix":3},"r":{"a":0,"k":0,"ix":6},"o":{"a":0,"k":100,"ix":7},"sk":{"a":0,"k":0,"ix":4},"sa":{"a":0,"k":0,"ix":5},"nm":"变换"}],"nm":"组 1","np":2,"cix":2,"ix":1,"mn":"ADBE Vector Group","hd":false}],"ip":105,"op":145,"st":105,"bm":0},{"ddd":0,"ind":8,"ty":4,"nm":"yinfu6","sr":1,"ks":{"o":{"a":1,"k":[{"i":{"x":[0.833],"y":[0.833]},"o":{"x":[0.167],"y":[0.167]},"n":["0p833_0p833_0p167_0p167"],"t":107,"s":[0],"e":[100]},{"i":{"x":[0.833],"y":[0.833]},"o":{"x":[0.167],"y":[0.167]},"n":["0p833_0p833_0p167_0p167"],"t":114.5,"s":[100],"e":[0]},{"t":122}],"ix":11},"r":{"a":1,"k":[{"i":{"x":[0.833],"y":[0.833]},"o":{"x":[0.167],"y":[0.167]},"n":["0p833_0p833_0p167_0p167"],"t":107,"s":[0],"e":[-33]},{"t":122}],"ix":10},"p":{"a":1,"k":[{"i":{"x":0.833,"y":0.833},"o":{"x":0.167,"y":0.167},"n":"0p833_0p833_0p167_0p167","t":107,"s":[289,358,0],"e":[129,361,0],"to":[-26.6666660308838,0.5,0],"ti":[26.6666660308838,-0.5,0]},{"t":122}],"ix":2},"a":{"a":0,"k":[20,20,0],"ix":1},"s":{"a":1,"k":[{"i":{"x":[0.833,0.833,0.833],"y":[0.833,0.833,0.833]},"o":{"x":[0.167,0.167,0.167],"y":[0.167,0.167,0.167]},"n":["0p833_0p833_0p167_0p167","0p833_0p833_0p167_0p167","0p833_0p833_0p167_0p167"],"t":107,"s":[80,80,100],"e":[100,100,100]},{"t":122}],"ix":6}},"ao":0,"shapes":[{"ty":"gr","it":[{"ind":0,"ty":"sh","ix":1,"ks":{"a":0,"k":{"i":[[2.408,0],[0,0],[0,-2.938],[0,0],[2.021,-0.344],[-0.775,-4.673],[-5.461,0.904],[0.775,4.673],[0.1,0.316],[0,2.28],[0,0],[-0.674,0],[0,0],[-0.071,2.337]],"o":[[0,0],[-2.939,0],[0,0],[-1.72,-0.631],[-5.462,0.918],[0.788,4.673],[5.462,-0.917],[-0.057,-0.33],[-0.674,-2.178],[0,0],[0,-0.674],[0,0],[2.337,0],[0.058,-2.422]],"v":[[10.307,-18.285],[5.605,-18.285],[0.287,-12.967],[0.287,0.939],[-5.418,0.437],[-13.89,10.557],[-2.595,17.381],[5.877,7.26],[5.648,6.299],[4.587,-0.424],[4.587,-8.48],[5.806,-9.697],[10.221,-9.697],[14.607,-13.87]],"c":true},"ix":2},"nm":"路径 1","mn":"ADBE Vector Shape - Group","hd":false},{"ty":"fl","c":{"a":0,"k":[1,1,1,1],"ix":4},"o":{"a":0,"k":100,"ix":5},"r":1,"nm":"填充 1","mn":"ADBE Vector Graphic - Fill","hd":false},{"ty":"tr","p":{"a":0,"k":[19.691,20.373],"ix":2},"a":{"a":0,"k":[0,0],"ix":1},"s":{"a":0,"k":[100,100],"ix":3},"r":{"a":0,"k":0,"ix":6},"o":{"a":0,"k":100,"ix":7},"sk":{"a":0,"k":0,"ix":4},"sa":{"a":0,"k":0,"ix":5},"nm":"变换"}],"nm":"组 1","np":2,"cix":2,"ix":1,"mn":"ADBE Vector Group","hd":false}],"ip":105,"op":145,"st":105,"bm":0},{"ddd":0,"ind":9,"ty":4,"nm":"yinfu5","sr":1,"ks":{"o":{"a":1,"k":[{"i":{"x":[0.833],"y":[0.833]},"o":{"x":[0.167],"y":[0.167]},"n":["0p833_0p833_0p167_0p167"],"t":27,"s":[0],"e":[100]},{"i":{"x":[0.833],"y":[0.833]},"o":{"x":[0.167],"y":[0.167]},"n":["0p833_0p833_0p167_0p167"],"t":34.5,"s":[100],"e":[0]},{"t":42}],"ix":11},"r":{"a":1,"k":[{"i":{"x":[0.833],"y":[0.833]},"o":{"x":[0.167],"y":[0.167]},"n":["0p833_0p833_0p167_0p167"],"t":27,"s":[0],"e":[-33]},{"t":42}],"ix":10},"p":{"a":1,"k":[{"i":{"x":0.833,"y":0.833},"o":{"x":0.167,"y":0.167},"n":"0p833_0p833_0p167_0p167","t":27,"s":[334,376,0],"e":[381,243,0],"to":[7.83333349227905,-22.1666660308838,0],"ti":[-7.83333349227905,22.1666660308838,0]},{"t":42}],"ix":2},"a":{"a":0,"k":[20,20,0],"ix":1},"s":{"a":1,"k":[{"i":{"x":[0.833,0.833,0.833],"y":[0.833,0.833,0.833]},"o":{"x":[0.167,0.167,0.167],"y":[0.167,0.167,0.167]},"n":["0p833_0p833_0p167_0p167","0p833_0p833_0p167_0p167","0p833_0p833_0p167_0p167"],"t":27,"s":[80,80,100],"e":[100,100,100]},{"t":42}],"ix":6}},"ao":0,"shapes":[{"ty":"gr","it":[{"ind":0,"ty":"sh","ix":1,"ks":{"a":0,"k":{"i":[[0,0],[0.721,-0.741],[0.007,-0.981],[0,0],[0,0],[1.543,-0.011],[0.011,-4.077],[-3.955,-0.003],[-0.005,4.08],[0,0],[0,0],[0,0],[1.556,0.015],[-0.006,-4.057],[-3.964,0.008],[0.011,4.083],[0,0],[0,0],[0.733,0.757],[0.938,0.005]],"o":[[-0.969,0.002],[-0.724,0.751],[0,0],[0,0],[-1.171,-0.86],[-3.972,-0.006],[0.011,4.059],[3.956,0.002],[0,0],[0,0],[0,0],[-1.175,-0.862],[-3.958,0.007],[-0.008,4.09],[3.957,-0.01],[0,0],[0,0],[0.002,-0.983],[-0.722,-0.73],[0,0]],"v":[[-3.548,-17.245],[-6.176,-16.132],[-7.26,-13.428],[-7.247,-8.773],[-7.245,3.831],[-11.387,2.473],[-18.576,9.839],[-11.389,17.201],[-4.221,9.829],[-4.245,-8.766],[15.54,-8.738],[15.536,3.865],[11.389,2.482],[4.229,9.855],[11.4,17.238],[18.564,9.852],[18.561,-8.751],[18.561,-13.389],[17.458,-16.102],[14.842,-17.21]],"c":true},"ix":2},"nm":"路径 1","mn":"ADBE Vector Shape - Group","hd":false},{"ty":"fl","c":{"a":0,"k":[1,1,1,1],"ix":4},"o":{"a":0,"k":100,"ix":5},"r":1,"nm":"填充 1","mn":"ADBE Vector Graphic - Fill","hd":false},{"ty":"tr","p":{"a":0,"k":[20.006,20.004],"ix":2},"a":{"a":0,"k":[0,0],"ix":1},"s":{"a":0,"k":[100,100],"ix":3},"r":{"a":0,"k":0,"ix":6},"o":{"a":0,"k":100,"ix":7},"sk":{"a":0,"k":0,"ix":4},"sa":{"a":0,"k":0,"ix":5},"nm":"变换"}],"nm":"组 1","np":2,"cix":2,"ix":1,"mn":"ADBE Vector Group","hd":false}],"ip":0,"op":43,"st":0,"bm":0},{"ddd":0,"ind":10,"ty":4,"nm":"yinfu4","sr":1,"ks":{"o":{"a":1,"k":[{"i":{"x":[0.833],"y":[0.833]},"o":{"x":[0.167],"y":[0.167]},"n":["0p833_0p833_0p167_0p167"],"t":23,"s":[0],"e":[100]},{"i":{"x":[0.833],"y":[0.833]},"o":{"x":[0.167],"y":[0.167]},"n":["0p833_0p833_0p167_0p167"],"t":30.5,"s":[100],"e":[0]},{"t":38}],"ix":11},"r":{"a":1,"k":[{"i":{"x":[0.833],"y":[0.833]},"o":{"x":[0.167],"y":[0.167]},"n":["0p833_0p833_0p167_0p167"],"t":23,"s":[0],"e":[-33]},{"t":38}],"ix":10},"p":{"a":1,"k":[{"i":{"x":0.833,"y":0.833},"o":{"x":0.167,"y":0.167},"n":"0p833_0p833_0p167_0p167","t":23,"s":[334,376,0],"e":[432,288,0],"to":[16.3333339691162,-14.6666669845581,0],"ti":[-16.3333339691162,14.6666669845581,0]},{"t":38}],"ix":2},"a":{"a":0,"k":[20,20,0],"ix":1},"s":{"a":1,"k":[{"i":{"x":[0.833,0.833,0.833],"y":[0.833,0.833,0.833]},"o":{"x":[0.167,0.167,0.167],"y":[0.167,0.167,0.167]},"n":["0p833_0p833_0p167_0p167","0p833_0p833_0p167_0p167","0p833_0p833_0p167_0p167"],"t":23,"s":[80,80,100],"e":[100,100,100]},{"t":38}],"ix":6}},"ao":0,"shapes":[{"ty":"gr","it":[{"ind":0,"ty":"sh","ix":1,"ks":{"a":0,"k":{"i":[[2.408,0],[0,0],[0,-2.938],[0,0],[2.021,-0.344],[-0.775,-4.673],[-5.461,0.904],[0.775,4.673],[0.1,0.316],[0,2.28],[0,0],[-0.674,0],[0,0],[-0.071,2.337]],"o":[[0,0],[-2.939,0],[0,0],[-1.72,-0.631],[-5.462,0.918],[0.788,4.673],[5.462,-0.917],[-0.057,-0.33],[-0.674,-2.178],[0,0],[0,-0.674],[0,0],[2.337,0],[0.058,-2.422]],"v":[[10.307,-18.285],[5.605,-18.285],[0.287,-12.967],[0.287,0.939],[-5.418,0.437],[-13.89,10.557],[-2.595,17.381],[5.877,7.26],[5.648,6.299],[4.587,-0.424],[4.587,-8.48],[5.806,-9.697],[10.221,-9.697],[14.607,-13.87]],"c":true},"ix":2},"nm":"路径 1","mn":"ADBE Vector Shape - Group","hd":false},{"ty":"fl","c":{"a":0,"k":[1,1,1,1],"ix":4},"o":{"a":0,"k":100,"ix":5},"r":1,"nm":"填充 1","mn":"ADBE Vector Graphic - Fill","hd":false},{"ty":"tr","p":{"a":0,"k":[19.691,20.373],"ix":2},"a":{"a":0,"k":[0,0],"ix":1},"s":{"a":0,"k":[100,100],"ix":3},"r":{"a":0,"k":0,"ix":6},"o":{"a":0,"k":100,"ix":7},"sk":{"a":0,"k":0,"ix":4},"sa":{"a":0,"k":0,"ix":5},"nm":"变换"}],"nm":"组 1","np":2,"cix":2,"ix":1,"mn":"ADBE Vector Group","hd":false}],"ip":0,"op":40,"st":0,"bm":0},{"ddd":0,"ind":11,"ty":4,"nm":"yinfu3","sr":1,"ks":{"o":{"a":1,"k":[{"i":{"x":[0.833],"y":[0.833]},"o":{"x":[0.167],"y":[0.167]},"n":["0p833_0p833_0p167_0p167"],"t":19,"s":[0],"e":[100]},{"i":{"x":[0.833],"y":[0.833]},"o":{"x":[0.167],"y":[0.167]},"n":["0p833_0p833_0p167_0p167"],"t":26.5,"s":[100],"e":[0]},{"t":34}],"ix":11},"r":{"a":1,"k":[{"i":{"x":[0.833],"y":[0.833]},"o":{"x":[0.167],"y":[0.167]},"n":["0p833_0p833_0p167_0p167"],"t":19,"s":[0],"e":[-33]},{"t":34}],"ix":10},"p":{"a":1,"k":[{"i":{"x":0.833,"y":0.833},"o":{"x":0.167,"y":0.167},"n":"0p833_0p833_0p167_0p167","t":19,"s":[334,376,0],"e":[381,243,0],"to":[7.83333349227905,-22.1666660308838,0],"ti":[-7.83333349227905,22.1666660308838,0]},{"t":34}],"ix":2},"a":{"a":0,"k":[20,20,0],"ix":1},"s":{"a":1,"k":[{"i":{"x":[0.833,0.833,0.833],"y":[0.833,0.833,0.833]},"o":{"x":[0.167,0.167,0.167],"y":[0.167,0.167,0.167]},"n":["0p833_0p833_0p167_0p167","0p833_0p833_0p167_0p167","0p833_0p833_0p167_0p167"],"t":19,"s":[80,80,100],"e":[100,100,100]},{"t":34}],"ix":6}},"ao":0,"shapes":[{"ty":"gr","it":[{"ind":0,"ty":"sh","ix":1,"ks":{"a":0,"k":{"i":[[0,0],[0.721,-0.741],[0.007,-0.981],[0,0],[0,0],[1.543,-0.011],[0.011,-4.077],[-3.955,-0.003],[-0.005,4.08],[0,0],[0,0],[0,0],[1.556,0.015],[-0.006,-4.057],[-3.964,0.008],[0.011,4.083],[0,0],[0,0],[0.733,0.757],[0.938,0.005]],"o":[[-0.969,0.002],[-0.724,0.751],[0,0],[0,0],[-1.171,-0.86],[-3.972,-0.006],[0.011,4.059],[3.956,0.002],[0,0],[0,0],[0,0],[-1.175,-0.862],[-3.958,0.007],[-0.008,4.09],[3.957,-0.01],[0,0],[0,0],[0.002,-0.983],[-0.722,-0.73],[0,0]],"v":[[-3.548,-17.245],[-6.176,-16.132],[-7.26,-13.428],[-7.247,-8.773],[-7.245,3.831],[-11.387,2.473],[-18.576,9.839],[-11.389,17.201],[-4.221,9.829],[-4.245,-8.766],[15.54,-8.738],[15.536,3.865],[11.389,2.482],[4.229,9.855],[11.4,17.238],[18.564,9.852],[18.561,-8.751],[18.561,-13.389],[17.458,-16.102],[14.842,-17.21]],"c":true},"ix":2},"nm":"路径 1","mn":"ADBE Vector Shape - Group","hd":false},{"ty":"fl","c":{"a":0,"k":[1,1,1,1],"ix":4},"o":{"a":0,"k":100,"ix":5},"r":1,"nm":"填充 1","mn":"ADBE Vector Graphic - Fill","hd":false},{"ty":"tr","p":{"a":0,"k":[20.006,20.004],"ix":2},"a":{"a":0,"k":[0,0],"ix":1},"s":{"a":0,"k":[100,100],"ix":3},"r":{"a":0,"k":0,"ix":6},"o":{"a":0,"k":100,"ix":7},"sk":{"a":0,"k":0,"ix":4},"sa":{"a":0,"k":0,"ix":5},"nm":"变换"}],"nm":"组 1","np":2,"cix":2,"ix":1,"mn":"ADBE Vector Group","hd":false}],"ip":0,"op":40,"st":0,"bm":0},{"ddd":0,"ind":12,"ty":4,"nm":"yinfu1","sr":1,"ks":{"o":{"a":1,"k":[{"i":{"x":[0.833],"y":[0.833]},"o":{"x":[0.167],"y":[0.167]},"n":["0p833_0p833_0p167_0p167"],"t":14,"s":[0],"e":[100]},{"i":{"x":[0.833],"y":[0.833]},"o":{"x":[0.167],"y":[0.167]},"n":["0p833_0p833_0p167_0p167"],"t":21.5,"s":[100],"e":[0]},{"t":29}],"ix":11},"r":{"a":1,"k":[{"i":{"x":[0.833],"y":[0.833]},"o":{"x":[0.167],"y":[0.167]},"n":["0p833_0p833_0p167_0p167"],"t":14,"s":[0],"e":[-33]},{"t":29}],"ix":10},"p":{"a":1,"k":[{"i":{"x":0.833,"y":0.833},"o":{"x":0.167,"y":0.167},"n":"0p833_0p833_0p167_0p167","t":14,"s":[334,376,0],"e":[432,288,0],"to":[16.3333339691162,-14.6666669845581,0],"ti":[-16.3333339691162,14.6666669845581,0]},{"t":29}],"ix":2},"a":{"a":0,"k":[20,20,0],"ix":1},"s":{"a":1,"k":[{"i":{"x":[0.833,0.833,0.833],"y":[0.833,0.833,0.833]},"o":{"x":[0.167,0.167,0.167],"y":[0.167,0.167,0.167]},"n":["0p833_0p833_0p167_0p167","0p833_0p833_0p167_0p167","0p833_0p833_0p167_0p167"],"t":14,"s":[80,80,100],"e":[100,100,100]},{"t":29}],"ix":6}},"ao":0,"shapes":[{"ty":"gr","it":[{"ind":0,"ty":"sh","ix":1,"ks":{"a":0,"k":{"i":[[2.408,0],[0,0],[0,-2.938],[0,0],[2.021,-0.344],[-0.775,-4.673],[-5.461,0.904],[0.775,4.673],[0.1,0.316],[0,2.28],[0,0],[-0.674,0],[0,0],[-0.071,2.337]],"o":[[0,0],[-2.939,0],[0,0],[-1.72,-0.631],[-5.462,0.918],[0.788,4.673],[5.462,-0.917],[-0.057,-0.33],[-0.674,-2.178],[0,0],[0,-0.674],[0,0],[2.337,0],[0.058,-2.422]],"v":[[10.307,-18.285],[5.605,-18.285],[0.287,-12.967],[0.287,0.939],[-5.418,0.437],[-13.89,10.557],[-2.595,17.381],[5.877,7.26],[5.648,6.299],[4.587,-0.424],[4.587,-8.48],[5.806,-9.697],[10.221,-9.697],[14.607,-13.87]],"c":true},"ix":2},"nm":"路径 1","mn":"ADBE Vector Shape - Group","hd":false},{"ty":"fl","c":{"a":0,"k":[1,1,1,1],"ix":4},"o":{"a":0,"k":100,"ix":5},"r":1,"nm":"填充 1","mn":"ADBE Vector Graphic - Fill","hd":false},{"ty":"tr","p":{"a":0,"k":[19.691,20.373],"ix":2},"a":{"a":0,"k":[0,0],"ix":1},"s":{"a":0,"k":[100,100],"ix":3},"r":{"a":0,"k":0,"ix":6},"o":{"a":0,"k":100,"ix":7},"sk":{"a":0,"k":0,"ix":4},"sa":{"a":0,"k":0,"ix":5},"nm":"变换"}],"nm":"组 1","np":2,"cix":2,"ix":1,"mn":"ADBE Vector Group","hd":false}],"ip":0,"op":40,"st":0,"bm":0},{"ddd":0,"ind":13,"ty":4,"nm":"yinfu2","sr":1,"ks":{"o":{"a":1,"k":[{"i":{"x":[0.833],"y":[0.833]},"o":{"x":[0.167],"y":[0.167]},"n":["0p833_0p833_0p167_0p167"],"t":10,"s":[0],"e":[100]},{"i":{"x":[0.833],"y":[0.833]},"o":{"x":[0.167],"y":[0.167]},"n":["0p833_0p833_0p167_0p167"],"t":17.5,"s":[100],"e":[0]},{"t":25}],"ix":11},"r":{"a":1,"k":[{"i":{"x":[0.833],"y":[0.833]},"o":{"x":[0.167],"y":[0.167]},"n":["0p833_0p833_0p167_0p167"],"t":10,"s":[0],"e":[-33]},{"t":25}],"ix":10},"p":{"a":1,"k":[{"i":{"x":0.833,"y":0.833},"o":{"x":0.167,"y":0.167},"n":"0p833_0p833_0p167_0p167","t":10,"s":[334,376,0],"e":[381,243,0],"to":[7.83333349227905,-22.1666660308838,0],"ti":[-7.83333349227905,22.1666660308838,0]},{"t":25}],"ix":2},"a":{"a":0,"k":[20,20,0],"ix":1},"s":{"a":1,"k":[{"i":{"x":[0.833,0.833,0.833],"y":[0.833,0.833,0.833]},"o":{"x":[0.167,0.167,0.167],"y":[0.167,0.167,0.167]},"n":["0p833_0p833_0p167_0p167","0p833_0p833_0p167_0p167","0p833_0p833_0p167_0p167"],"t":10,"s":[80,80,100],"e":[100,100,100]},{"t":25}],"ix":6}},"ao":0,"shapes":[{"ty":"gr","it":[{"ind":0,"ty":"sh","ix":1,"ks":{"a":0,"k":{"i":[[0,0],[0.721,-0.741],[0.007,-0.981],[0,0],[0,0],[1.543,-0.011],[0.011,-4.077],[-3.955,-0.003],[-0.005,4.08],[0,0],[0,0],[0,0],[1.556,0.015],[-0.006,-4.057],[-3.964,0.008],[0.011,4.083],[0,0],[0,0],[0.733,0.757],[0.938,0.005]],"o":[[-0.969,0.002],[-0.724,0.751],[0,0],[0,0],[-1.171,-0.86],[-3.972,-0.006],[0.011,4.059],[3.956,0.002],[0,0],[0,0],[0,0],[-1.175,-0.862],[-3.958,0.007],[-0.008,4.09],[3.957,-0.01],[0,0],[0,0],[0.002,-0.983],[-0.722,-0.73],[0,0]],"v":[[-3.548,-17.245],[-6.176,-16.132],[-7.26,-13.428],[-7.247,-8.773],[-7.245,3.831],[-11.387,2.473],[-18.576,9.839],[-11.389,17.201],[-4.221,9.829],[-4.245,-8.766],[15.54,-8.738],[15.536,3.865],[11.389,2.482],[4.229,9.855],[11.4,17.238],[18.564,9.852],[18.561,-8.751],[18.561,-13.389],[17.458,-16.102],[14.842,-17.21]],"c":true},"ix":2},"nm":"路径 1","mn":"ADBE Vector Shape - Group","hd":false},{"ty":"fl","c":{"a":0,"k":[1,1,1,1],"ix":4},"o":{"a":0,"k":100,"ix":5},"r":1,"nm":"填充 1","mn":"ADBE Vector Graphic - Fill","hd":false},{"ty":"tr","p":{"a":0,"k":[20.006,20.004],"ix":2},"a":{"a":0,"k":[0,0],"ix":1},"s":{"a":0,"k":[100,100],"ix":3},"r":{"a":0,"k":0,"ix":6},"o":{"a":0,"k":100,"ix":7},"sk":{"a":0,"k":0,"ix":4},"sa":{"a":0,"k":0,"ix":5},"nm":"变换"}],"nm":"组 1","np":2,"cix":2,"ix":1,"mn":"ADBE Vector Group","hd":false}],"ip":0,"op":40,"st":0,"bm":0},{"ddd":0,"ind":14,"ty":2,"nm":"One03.png","cl":"png","refId":"image_0","sr":1,"ks":{"o":{"a":1,"k":[{"i":{"x":[0.833],"y":[0.833]},"o":{"x":[0.167],"y":[0.167]},"n":["0p833_0p833_0p167_0p167"],"t":12,"s":[0],"e":[100]},{"i":{"x":[0.833],"y":[0.833]},"o":{"x":[0.167],"y":[0.167]},"n":["0p833_0p833_0p167_0p167"],"t":22,"s":[100],"e":[100]},{"i":{"x":[0.833],"y":[0.833]},"o":{"x":[0.167],"y":[0.167]},"n":["0p833_0p833_0p167_0p167"],"t":99,"s":[100],"e":[30]},{"i":{"x":[0.833],"y":[0.833]},"o":{"x":[0.167],"y":[0.167]},"n":["0p833_0p833_0p167_0p167"],"t":106.162,"s":[30],"e":[0]},{"t":109.8681640625}],"ix":11},"r":{"a":1,"k":[{"i":{"x":[0.833],"y":[0.833]},"o":{"x":[0.167],"y":[0.167]},"n":["0p833_0p833_0p167_0p167"],"t":12,"s":[0],"e":[-18]},{"i":{"x":[0.833],"y":[0.833]},"o":{"x":[0.167],"y":[0.167]},"n":["0p833_0p833_0p167_0p167"],"t":21.913,"s":[-18],"e":[0]},{"i":{"x":[0.833],"y":[1]},"o":{"x":[0.167],"y":[0.167]},"n":["0p833_1_0p167_0p167"],"t":31,"s":[0],"e":[22]},{"i":{"x":[0.833],"y":[0.833]},"o":{"x":[0.167],"y":[0]},"n":["0p833_0p833_0p167_0"],"t":37,"s":[22],"e":[0]},{"i":{"x":[0.833],"y":[0.833]},"o":{"x":[0.167],"y":[0.167]},"n":["0p833_0p833_0p167_0p167"],"t":46,"s":[0],"e":[13]},{"i":{"x":[0.833],"y":[0.833]},"o":{"x":[0.167],"y":[0.167]},"n":["0p833_0p833_0p167_0p167"],"t":53.5,"s":[13],"e":[53]},{"i":{"x":[0.833],"y":[0.833]},"o":{"x":[0.167],"y":[0.167]},"n":["0p833_0p833_0p167_0p167"],"t":61,"s":[53],"e":[16]},{"i":{"x":[0.833],"y":[0.833]},"o":{"x":[0.167],"y":[0.167]},"n":["0p833_0p833_0p167_0p167"],"t":68.5,"s":[16],"e":[-14]},{"i":{"x":[0.833],"y":[0.833]},"o":{"x":[0.167],"y":[0.167]},"n":["0p833_0p833_0p167_0p167"],"t":76,"s":[-14],"e":[2]},{"i":{"x":[0.833],"y":[0.833]},"o":{"x":[0.167],"y":[0.167]},"n":["0p833_0p833_0p167_0p167"],"t":84,"s":[2],"e":[76]},{"i":{"x":[0.833],"y":[0.833]},"o":{"x":[0.167],"y":[0.167]},"n":["0p833_0p833_0p167_0p167"],"t":99,"s":[76],"e":[34]},{"t":106.162109375}],"ix":10},"p":{"a":1,"k":[{"i":{"x":0.833,"y":0.833},"o":{"x":0.167,"y":0.167},"n":"0p833_0p833_0p167_0p167","t":12,"s":[306,358,0],"e":[426,287,0],"to":[0,0,0],"ti":[-71,71.0000305175781,0]},{"i":{"x":0.833,"y":0.833},"o":{"x":0.167,"y":0.167},"n":"0p833_0p833_0p167_0p167","t":21.913,"s":[426,287,0],"e":[587,195,0],"to":[49,-52.9999694824219,0],"ti":[-80,3,0]},{"i":{"x":0.833,"y":0.836},"o":{"x":0.167,"y":0.167},"n":"0p833_0p836_0p167_0p167","t":31,"s":[587,195,0],"e":[411.106,230.69,0],"to":[44.1982345581055,-1.65743374824524,0],"ti":[108.622428894043,0.605140209198,0]},{"i":{"x":0.833,"y":0.833},"o":{"x":0.167,"y":0.169},"n":"0p833_0p833_0p167_0p169","t":37,"s":[411.106,230.69,0],"e":[121.5,183,0],"to":[-87.9871139526367,-0.49017998576164,0],"ti":[0,0,0]},{"i":{"x":0.833,"y":0.833},"o":{"x":0.167,"y":0.167},"n":"0p833_0p833_0p167_0p167","t":46,"s":[121.5,183,0],"e":[437,193,0],"to":[0,0,0],"ti":[-122.160491943359,-89.793212890625,0]},{"i":{"x":0.833,"y":0.833},"o":{"x":0.167,"y":0.167},"n":"0p833_0p833_0p167_0p167","t":61,"s":[437,193,0],"e":[641,196,0],"to":[116.999938964844,86,0],"ti":[-23,24,0]},{"i":{"x":0.833,"y":0.833},"o":{"x":0.167,"y":0.167},"n":"0p833_0p833_0p167_0p167","t":76,"s":[641,196,0],"e":[466.877,158.605,0],"to":[9.12530612945557,-9.52205848693848,0],"ti":[101.703567504883,-1.09286844730377,0]},{"i":{"x":0.833,"y":0.833},"o":{"x":0.167,"y":0.167},"n":"0p833_0p833_0p167_0p167","t":84,"s":[466.877,158.605,0],"e":[288.299,197.945,0],"to":[-57.3302230834961,0.61604911088943,0],"ti":[57.5119514465332,-6.42525005340576,0]},{"i":{"x":0.833,"y":0.833},"o":{"x":0.167,"y":0.167},"n":"0p833_0p833_0p167_0p167","t":91.485,"s":[288.299,197.945,0],"e":[110,197,0],"to":[-97.6147613525391,10.9055461883545,0],"ti":[0,0,0]},{"i":{"x":0.833,"y":0.833},"o":{"x":0.167,"y":0.167},"n":"0p833_0p833_0p167_0p167","t":99,"s":[110,197,0],"e":[228,375,0],"to":[0,0,0],"ti":[-160.999969482422,-42,0]},{"t":106.162109375}],"ix":2},"a":{"a":0,"k":[75.5,32,0],"ix":1},"s":{"a":1,"k":[{"i":{"x":[0,0,0.667],"y":[0.989,0.989,1]},"o":{"x":[0.333,0.333,0.333],"y":[0,0,0]},"n":["0_0p989_0p333_0","0_0p989_0p333_0","0p667_1_0p333_0"],"t":12,"s":[0,0,100],"e":[100,100,100]},{"i":{"x":[0.833,0.833,0.833],"y":[1,1,1]},"o":{"x":[0.167,0.167,0.167],"y":[0,0,0]},"n":["0p833_1_0p167_0","0p833_1_0p167_0","0p833_1_0p167_0"],"t":31,"s":[100,100,100],"e":[80,80,100]},{"i":{"x":[0.833,0.833,0.833],"y":[1,1,1]},"o":{"x":[0.167,0.167,0.167],"y":[0,0,0]},"n":["0p833_1_0p167_0","0p833_1_0p167_0","0p833_1_0p167_0"],"t":46,"s":[80,80,100],"e":[60,60,100]},{"i":{"x":[0.833,0.833,0.833],"y":[1,1,1]},"o":{"x":[0.167,0.167,0.167],"y":[0,0,0]},"n":["0p833_1_0p167_0","0p833_1_0p167_0","0p833_1_0p167_0"],"t":61,"s":[60,60,100],"e":[80,80,100]},{"i":{"x":[0.833,0.833,0.833],"y":[1,1,1]},"o":{"x":[0.167,0.167,0.167],"y":[0,0,0]},"n":["0p833_1_0p167_0","0p833_1_0p167_0","0p833_1_0p167_0"],"t":76,"s":[80,80,100],"e":[44,44,100]},{"t":106.162109375}],"ix":6}},"ao":0,"ip":0,"op":180,"st":0,"bm":0},{"ddd":0,"ind":15,"ty":2,"nm":"One02.png","cl":"png","refId":"image_1","sr":1,"ks":{"o":{"a":1,"k":[{"i":{"x":[0.023],"y":[0.998]},"o":{"x":[0.333],"y":[0]},"n":["0p023_0p998_0p333_0"],"t":3,"s":[0],"e":[100]},{"i":{"x":[0],"y":[0.85]},"o":{"x":[0.333],"y":[0]},"n":["0_0p85_0p333_0"],"t":8,"s":[100],"e":[100]},{"i":{"x":[0],"y":[0]},"o":{"x":[0.167],"y":[0]},"n":["0_0_0p167_0"],"t":11,"s":[100],"e":[100]},{"t":31}],"ix":11},"r":{"a":1,"k":[{"i":{"x":[0.264],"y":[1.033]},"o":{"x":[0.333],"y":[0]},"n":["0p264_1p033_0p333_0"],"t":3,"s":[9],"e":[0]},{"i":{"x":[0.264],"y":[0.264]},"o":{"x":[0.167],"y":[0]},"n":["0p264_0p264_0p167_0"],"t":11,"s":[0],"e":[0]},{"t":31}],"ix":10},"p":{"a":1,"k":[{"i":{"x":0.667,"y":1},"o":{"x":0.333,"y":0},"n":"0p667_1_0p333_0","t":3,"s":[318,641,0],"e":[318,411.751,0],"to":[0,0,0],"ti":[0,0,0]},{"i":{"x":0.667,"y":1},"o":{"x":0.333,"y":0},"n":"0p667_1_0p333_0","t":8,"s":[318,411.751,0],"e":[318,439,0],"to":[0,0,0],"ti":[0,0,0]},{"i":{"x":0.667,"y":0.667},"o":{"x":0.333,"y":0.333},"n":"0p667_0p667_0p333_0p333","t":11,"s":[318,439,0],"e":[318,439,0],"to":[0,0,0],"ti":[0,0,0]},{"i":{"x":0.667,"y":1},"o":{"x":0.333,"y":0},"n":"0p667_1_0p333_0","t":31,"s":[318,439,0],"e":[-222,439,0],"to":[0,0,0],"ti":[0,0,0]},{"t":39}],"ix":2},"a":{"a":0,"k":[163,158,0],"ix":1},"s":{"a":1,"k":[{"i":{"x":[0.264,0.22,0.667],"y":[0.706,0.979,1]},"o":{"x":[0.333,0.333,0.333],"y":[0,0,0]},"n":["0p264_0p706_0p333_0","0p22_0p979_0p333_0","0p667_1_0p333_0"],"t":3,"s":[100,85,100],"e":[100,100,100]},{"i":{"x":[0.264,0.22,0.667],"y":[0.264,0.22,1]},"o":{"x":[0.167,0.167,0.167],"y":[0,0,0]},"n":["0p264_0p264_0p167_0","0p22_0p22_0p167_0","0p667_1_0p167_0"],"t":11,"s":[100,100,100],"e":[100,100,100]},{"t":31}],"ix":6}},"ao":0,"ip":0,"op":40,"st":0,"bm":0},{"ddd":0,"ind":16,"ty":2,"nm":"One01.png","cl":"png","refId":"image_2","sr":1,"ks":{"o":{"a":0,"k":100,"ix":11},"r":{"a":0,"k":0,"ix":10},"p":{"a":1,"k":[{"i":{"x":0.667,"y":1},"o":{"x":1,"y":0},"n":"0p667_1_1_0","t":31,"s":[375,375,0],"e":[-277,375,0],"to":[-108.666664123535,0,0],"ti":[108.666664123535,0,0]},{"t":39}],"ix":2},"a":{"a":0,"k":[209,209,0],"ix":1},"s":{"a":1,"k":[{"i":{"x":[0,0,0.667],"y":[0.998,0.998,1]},"o":{"x":[0.333,0.333,0.333],"y":[0,0,0]},"n":["0_0p998_0p333_0","0_0p998_0p333_0","0p667_1_0p333_0"],"t":0,"s":[0,0,100],"e":[110,110,100]},{"i":{"x":[0.107,0.107,0.667],"y":[1.013,1.013,1]},"o":{"x":[0.619,0.619,0.333],"y":[0.009,0.009,0]},"n":["0p107_1p013_0p619_0p009","0p107_1p013_0p619_0p009","0p667_1_0p333_0"],"t":5,"s":[110,110,100],"e":[100,100,100]},{"i":{"x":[0.107,0.107,0.667],"y":[-0.027,-0.027,1]},"o":{"x":[0.167,0.167,0.167],"y":[0,0,0]},"n":["0p107_-0p027_0p167_0","0p107_-0p027_0p167_0","0p667_1_0p167_0"],"t":8,"s":[100,100,100],"e":[100,100,100]},{"t":31}],"ix":6}},"ao":0,"ip":0,"op":40,"st":0,"bm":0},{"ddd":0,"ind":17,"ty":2,"nm":"two03.png","cl":"png","refId":"image_3","sr":1,"ks":{"o":{"a":0,"k":100,"ix":11},"r":{"a":0,"k":0,"ix":10},"p":{"a":1,"k":[{"i":{"x":0.667,"y":1},"o":{"x":0.333,"y":0},"n":"0p667_1_0p333_0","t":49,"s":[423,306,0],"e":[480,306,0],"to":[0,0,0],"ti":[0,0,0]},{"i":{"x":0.667,"y":1},"o":{"x":0.333,"y":0},"n":"0p667_1_0p333_0","t":82,"s":[480,306,0],"e":[-112,306,0],"to":[0,0,0],"ti":[0,0,0]},{"t":90}],"ix":2},"a":{"a":0,"k":[39,14,0],"ix":1},"s":{"a":1,"k":[{"i":{"x":[0.667,0.667,0.667],"y":[1,1,1]},"o":{"x":[0.333,0.333,0.333],"y":[0,0,0]},"n":["0p667_1_0p333_0","0p667_1_0p333_0","0p667_1_0p333_0"],"t":49,"s":[0,0,100],"e":[110,110,100]},{"i":{"x":[0.667,0.667,0.667],"y":[1,1,1]},"o":{"x":[0.333,0.333,0.333],"y":[0,0,0]},"n":["0p667_1_0p333_0","0p667_1_0p333_0","0p667_1_0p333_0"],"t":54,"s":[110,110,100],"e":[100,100,100]},{"t":57}],"ix":6}},"ao":0,"ip":40,"op":90,"st":-20,"bm":0},{"ddd":0,"ind":18,"ty":2,"nm":"two02.png","cl":"png","refId":"image_4","sr":1,"ks":{"o":{"a":0,"k":100,"ix":11},"r":{"a":0,"k":0,"ix":10},"p":{"a":1,"k":[{"i":{"x":0.667,"y":1},"o":{"x":0.333,"y":0},"n":"0p667_1_0p333_0","t":46,"s":[240.5,392.5,0],"e":[340,392.5,0],"to":[0,0,0],"ti":[0,0,0]},{"i":{"x":0.667,"y":1},"o":{"x":0.333,"y":0},"n":"0p667_1_0p333_0","t":82,"s":[340,392.5,0],"e":[-300,392.5,0],"to":[0,0,0],"ti":[0,0,0]},{"t":90}],"ix":2},"a":{"a":0,"k":[55,16,0],"ix":1},"s":{"a":1,"k":[{"i":{"x":[0.667,0.667,0.667],"y":[1,1,1]},"o":{"x":[0.333,0.333,0.333],"y":[0,0,0]},"n":["0p667_1_0p333_0","0p667_1_0p333_0","0p667_1_0p333_0"],"t":46,"s":[0,0,100],"e":[110,110,100]},{"i":{"x":[0.667,0.667,0.667],"y":[1,1,1]},"o":{"x":[0.333,0.333,0.333],"y":[0,0,0]},"n":["0p667_1_0p333_0","0p667_1_0p333_0","0p667_1_0p333_0"],"t":51,"s":[110,110,100],"e":[100,100,100]},{"t":54}],"ix":6}},"ao":0,"ip":40,"op":90,"st":-20,"bm":0},{"ddd":0,"ind":19,"ty":2,"nm":"two01.png","cl":"png","refId":"image_5","sr":1,"ks":{"o":{"a":0,"k":100,"ix":11},"r":{"a":0,"k":0,"ix":10},"p":{"a":1,"k":[{"i":{"x":0.667,"y":1},"o":{"x":0.333,"y":0},"n":"0p667_1_0p333_0","t":40,"s":[1100,375,0],"e":[350,375,0],"to":[-125,0,0],"ti":[120.833335876465,0,0]},{"i":{"x":0.667,"y":1},"o":{"x":0.333,"y":0},"n":"0p667_1_0p333_0","t":45,"s":[350,375,0],"e":[375,375,0],"to":[-120.833335876465,0,0],"ti":[-4.16666650772095,0,0]},{"i":{"x":0.667,"y":0.667},"o":{"x":0.333,"y":0.333},"n":"0p667_0p667_0p333_0p333","t":48,"s":[375,375,0],"e":[375,375,0],"to":[0,0,0],"ti":[0,0,0]},{"i":{"x":0.667,"y":1},"o":{"x":0.333,"y":0},"n":"0p667_1_0p333_0","t":82,"s":[375,375,0],"e":[-277,375,0],"to":[-108.666664123535,0,0],"ti":[108.666664123535,0,0]},{"t":90}],"ix":2},"a":{"a":0,"k":[209,209,0],"ix":1},"s":{"a":0,"k":[100,100,100],"ix":6}},"ao":0,"ip":40,"op":90,"st":-49,"bm":0},{"ddd":0,"ind":20,"ty":2,"nm":"three04.png","cl":"png","refId":"image_6","sr":1,"ks":{"o":{"a":0,"k":100,"ix":11},"r":{"a":1,"k":[{"i":{"x":[0.833],"y":[0.833]},"o":{"x":[0.167],"y":[0.167]},"n":["0p833_0p833_0p167_0p167"],"t":129,"s":[0],"e":[20]},{"i":{"x":[0.833],"y":[0.833]},"o":{"x":[0.167],"y":[0.167]},"n":["0p833_0p833_0p167_0p167"],"t":133,"s":[20],"e":[-12]},{"i":{"x":[0.833],"y":[0.833]},"o":{"x":[0.167],"y":[0.167]},"n":["0p833_0p833_0p167_0p167"],"t":136,"s":[-12],"e":[6]},{"i":{"x":[0.833],"y":[0.833]},"o":{"x":[0.167],"y":[0.167]},"n":["0p833_0p833_0p167_0p167"],"t":139,"s":[6],"e":[0]},{"t":141}],"ix":10},"p":{"a":0,"k":[285,250.5,0],"ix":2},"a":{"a":0,"k":[43.5,44,0],"ix":1},"s":{"a":1,"k":[{"i":{"x":[0.833,0.833,0.833],"y":[0.833,0.833,0.833]},"o":{"x":[0.167,0.167,0.167],"y":[0.167,0.167,0.167]},"n":["0p833_0p833_0p167_0p167","0p833_0p833_0p167_0p167","0p833_0p833_0p167_0p167"],"t":129,"s":[0,0,100],"e":[110,110,100]},{"i":{"x":[0.833,0.833,0.833],"y":[0.833,0.833,0.833]},"o":{"x":[0.167,0.167,0.167],"y":[0.167,0.167,0.167]},"n":["0p833_0p833_0p167_0p167","0p833_0p833_0p167_0p167","0p833_0p833_0p167_0p167"],"t":134,"s":[110,110,100],"e":[100,100,100]},{"i":{"x":[0.833,0.833,0.833],"y":[0.833,0.833,0.833]},"o":{"x":[0.167,0.167,0.167],"y":[0.167,0.167,0.167]},"n":["0p833_0p833_0p167_0p167","0p833_0p833_0p167_0p167","0p833_0p833_0p167_0p167"],"t":137,"s":[100,100,100],"e":[100,100,100]},{"i":{"x":[0.833,0.833,0.833],"y":[0.833,0.833,0.833]},"o":{"x":[0.167,0.167,0.167],"y":[0.167,0.167,0.167]},"n":["0p833_0p833_0p167_0p167","0p833_0p833_0p167_0p167","0p833_0p833_0p167_0p167"],"t":150,"s":[100,100,100],"e":[110,110,100]},{"i":{"x":[0.833,0.833,0.833],"y":[0.833,0.833,0.833]},"o":{"x":[0.167,0.167,0.167],"y":[0.167,0.167,0.167]},"n":["0p833_0p833_0p167_0p167","0p833_0p833_0p167_0p167","0p833_0p833_0p167_0p167"],"t":153,"s":[110,110,100],"e":[0,0,100]},{"t":158}],"ix":6}},"ao":0,"ip":128,"op":180,"st":-27,"bm":0},{"ddd":0,"ind":21,"ty":2,"nm":"three03.png","cl":"png","refId":"image_7","sr":1,"ks":{"o":{"a":0,"k":100,"ix":11},"r":{"a":1,"k":[{"i":{"x":[0.833],"y":[0.833]},"o":{"x":[0.167],"y":[0.167]},"n":["0p833_0p833_0p167_0p167"],"t":118,"s":[-22],"e":[0]},{"t":128}],"ix":10},"p":{"a":1,"k":[{"i":{"x":0.833,"y":0.833},"o":{"x":0.167,"y":0.167},"n":"0p833_0p833_0p167_0p167","t":118,"s":[300,345.5,0],"e":[267,197.505,0],"to":[0,-2.41767334938049,0],"ti":[0,5.95078325271606,0]},{"i":{"x":0.833,"y":0.833},"o":{"x":0.167,"y":0.167},"n":"0p833_0p833_0p167_0p167","t":124,"s":[267,197.505,0],"e":[286,262.5,0],"to":[0,-4.30491590499878,0],"ti":[0,1.74899327754974,0]},{"t":128}],"ix":2},"a":{"a":0,"k":[81,92.5,0],"ix":1},"s":{"a":1,"k":[{"i":{"x":[0.833,0.833,0.833],"y":[0.833,0.833,0.833]},"o":{"x":[0.167,0.167,0.167],"y":[0.167,0.167,0.167]},"n":["0p833_0p833_0p167_0p167","0p833_0p833_0p167_0p167","0p833_0p833_0p167_0p167"],"t":118,"s":[0,0,100],"e":[100,100,100]},{"i":{"x":[0.833,0.833,0.833],"y":[0.833,0.833,0.833]},"o":{"x":[0.167,0.167,0.167],"y":[0.167,0.167,0.167]},"n":["0p833_0p833_0p167_0p167","0p833_0p833_0p167_0p167","0p833_0p833_0p167_0p167"],"t":128,"s":[100,100,100],"e":[100,100,100]},{"i":{"x":[0.833,0.833,0.833],"y":[0.833,0.833,0.833]},"o":{"x":[0.167,0.167,0.167],"y":[0.167,0.167,0.167]},"n":["0p833_0p833_0p167_0p167","0p833_0p833_0p167_0p167","0p833_0p833_0p167_0p167"],"t":154,"s":[100,100,100],"e":[110,110,100]},{"i":{"x":[0.833,0.833,0.833],"y":[0.833,0.833,0.833]},"o":{"x":[0.167,0.167,0.167],"y":[0.167,0.167,0.167]},"n":["0p833_0p833_0p167_0p167","0p833_0p833_0p167_0p167","0p833_0p833_0p167_0p167"],"t":157,"s":[110,110,100],"e":[0,0,100]},{"t":162}],"ix":6}},"ao":0,"ip":117,"op":180,"st":-32,"bm":0},{"ddd":0,"ind":22,"ty":2,"nm":"three02.png","cl":"png","refId":"image_8","sr":1,"ks":{"o":{"a":1,"k":[{"i":{"x":[0],"y":[0.996]},"o":{"x":[0.333],"y":[0]},"n":["0_0p996_0p333_0"],"t":93,"s":[0],"e":[100]},{"i":{"x":[0],"y":[-1.8]},"o":{"x":[0.167],"y":[0]},"n":["0_-1p8_0p167_0"],"t":101,"s":[100],"e":[100]},{"i":{"x":[0.667],"y":[1]},"o":{"x":[1],"y":[0.004]},"n":["0p667_1_1_0p004"],"t":157,"s":[100],"e":[0]},{"t":165}],"ix":11},"r":{"a":1,"k":[{"i":{"x":[0.833],"y":[0.833]},"o":{"x":[0.167],"y":[0.167]},"n":["0p833_0p833_0p167_0p167"],"t":101,"s":[0],"e":[0]},{"t":165}],"ix":10},"p":{"a":1,"k":[{"i":{"x":0.833,"y":0.833},"o":{"x":0.167,"y":0.167},"n":"0p833_0p833_0p167_0p167","t":93,"s":[440,652,0],"e":[440,361.75,0],"to":[0,-21.101203918457,0],"ti":[0,72.1392059326172,0]},{"i":{"x":0.833,"y":0.833},"o":{"x":0.167,"y":0.167},"n":"0p833_0p833_0p167_0p167","t":98,"s":[440,361.75,0],"e":[440,385,0],"to":[0,-35.4351234436035,0],"ti":[0,0,0]},{"i":{"x":0.833,"y":0.833},"o":{"x":0.167,"y":0.167},"n":"0p833_0p833_0p167_0p167","t":101,"s":[440,385,0],"e":[440,385,0],"to":[0,0,0],"ti":[0,0,0]},{"i":{"x":0.833,"y":0.833},"o":{"x":0.167,"y":0.167},"n":"0p833_0p833_0p167_0p167","t":157,"s":[440,385,0],"e":[440,361.75,0],"to":[0,0,0],"ti":[0,72.1392059326172,0]},{"i":{"x":0.833,"y":0.833},"o":{"x":0.167,"y":0.167},"n":"0p833_0p833_0p167_0p167","t":160,"s":[440,361.75,0],"e":[440,652,0],"to":[0,-35.4351234436035,0],"ti":[0,-21.101203918457,0]},{"t":165}],"ix":2},"a":{"a":0,"k":[146.5,204,0],"ix":1},"s":{"a":1,"k":[{"i":{"x":[0.264,0.22,0.667],"y":[0.706,0.979,1]},"o":{"x":[0.333,0.333,0.333],"y":[0,0,0]},"n":["0p264_0p706_0p333_0","0p22_0p979_0p333_0","0p667_1_0p333_0"],"t":93,"s":[100,85,100],"e":[100,100,100]},{"i":{"x":[0.264,0.22,0.667],"y":[-1.06,-1.185,1]},"o":{"x":[0.167,0.167,0.167],"y":[0,0,0]},"n":["0p264_-1p06_0p167_0","0p22_-1p185_0p167_0","0p667_1_0p167_0"],"t":101,"s":[100,100,100],"e":[100,100,100]},{"i":{"x":[0.667,0.667,0.667],"y":[1,1,1]},"o":{"x":[0.736,0.78,0.333],"y":[-0.294,0.021,0]},"n":["0p667_1_0p736_-0p294","0p667_1_0p78_0p021","0p667_1_0p333_0"],"t":157,"s":[100,100,100],"e":[100,85,100]},{"t":165}],"ix":6}},"ao":0,"ip":90,"op":180,"st":-30,"bm":0},{"ddd":0,"ind":23,"ty":2,"nm":"three01.png","cl":"png","refId":"image_9","sr":1,"ks":{"o":{"a":0,"k":100,"ix":11},"r":{"a":0,"k":0,"ix":10},"p":{"a":1,"k":[{"i":{"x":0.667,"y":1},"o":{"x":0.333,"y":0},"n":"0p667_1_0p333_0","t":90,"s":[1100,375,0],"e":[350,375,0],"to":[-125,0,0],"ti":[120.833335876465,0,0]},{"i":{"x":0.667,"y":1},"o":{"x":0.333,"y":0},"n":"0p667_1_0p333_0","t":95,"s":[350,375,0],"e":[375,375,0],"to":[-120.833335876465,0,0],"ti":[-4.16666650772095,0,0]},{"t":98}],"ix":2},"a":{"a":0,"k":[209,209,0],"ix":1},"s":{"a":1,"k":[{"i":{"x":[0.833,0.833,0.833],"y":[0.833,0.833,0.833]},"o":{"x":[0.167,0.167,0.167],"y":[0.167,0.167,0.167]},"n":["0p833_0p833_0p167_0p167","0p833_0p833_0p167_0p167","0p833_0p833_0p167_0p167"],"t":160,"s":[100,100,100],"e":[110,110,100]},{"i":{"x":[0.833,0.833,0.833],"y":[0.833,0.833,0.833]},"o":{"x":[0.167,0.167,0.167],"y":[0.167,0.167,0.167]},"n":["0p833_0p833_0p167_0p167","0p833_0p833_0p167_0p167","0p833_0p833_0p167_0p167"],"t":163,"s":[110,110,100],"e":[0,0,100]},{"t":168}],"ix":6}},"ao":0,"ip":90,"op":180,"st":-30,"bm":0}],"markers":[]}