{"v":"5.1.8","fr":30,"ip":0,"op":90,"w":200,"h":200,"nm":"晕啦","ddd":0,"assets":[{"id":"image_0","w":20,"h":20,"u":"images/","p":"111_zb.png"},{"id":"image_1","w":90,"h":64,"u":"images/","p":"111_zsh.png"},{"id":"image_2","w":90,"h":64,"u":"images/","p":"111_ysh.png"},{"id":"image_3","w":52,"h":56,"u":"images/","p":"111_yy.png"},{"id":"image_4","w":158,"h":158,"u":"images/","p":"111_l.png"}],"layers":[{"ddd":0,"ind":1,"ty":2,"nm":"111_zb.png","cl":"png","refId":"image_0","sr":1,"ks":{"o":{"a":0,"k":100,"ix":11},"r":{"a":0,"k":0,"ix":10},"p":{"a":0,"k":[98.5,160.5,0],"ix":2},"a":{"a":0,"k":[10,10,0],"ix":1},"s":{"a":0,"k":[100,100,100],"ix":6}},"ao":0,"ip":0,"op":2338,"st":0,"bm":0},{"ddd":0,"ind":2,"ty":2,"nm":"111_zsh.png","cl":"png","parent":1,"refId":"image_1","sr":1,"ks":{"o":{"a":0,"k":100,"ix":11},"r":{"a":0,"k":0,"ix":10},"p":{"a":0,"k":[-27,-29.4,0],"ix":2},"a":{"a":0,"k":[45,32,0],"ix":1},"s":{"a":0,"k":[100,100,100],"ix":6}},"ao":0,"ip":0,"op":2338,"st":0,"bm":0},{"ddd":0,"ind":3,"ty":2,"nm":"111_ysh.png","cl":"png","parent":1,"refId":"image_2","sr":1,"ks":{"o":{"a":0,"k":100,"ix":11},"r":{"a":0,"k":0,"ix":10},"p":{"a":0,"k":[54.5,-29.9,0],"ix":2},"a":{"a":0,"k":[45,32,0],"ix":1},"s":{"a":0,"k":[100,100,100],"ix":6}},"ao":0,"ip":0,"op":2338,"st":0,"bm":0},{"ddd":0,"ind":4,"ty":2,"nm":"111_yy.png","cl":"png","refId":"image_3","sr":1,"ks":{"o":{"a":0,"k":100,"ix":11},"r":{"a":1,"k":[{"i":{"x":[0.833],"y":[0.833]},"o":{"x":[0.167],"y":[0.167]},"n":["0p833_0p833_0p167_0p167"],"t":0,"s":[0],"e":[720]},{"t":89}],"ix":10},"p":{"a":0,"k":[66.5,81,0],"ix":2},"a":{"a":0,"k":[26,28,0],"ix":1},"s":{"a":0,"k":[100,100,100],"ix":6}},"ao":0,"ip":0,"op":2338,"st":0,"bm":0},{"ddd":0,"ind":5,"ty":2,"nm":"111_yy.png","cl":"png","refId":"image_3","sr":1,"ks":{"o":{"a":0,"k":100,"ix":11},"r":{"a":1,"k":[{"i":{"x":[0.833],"y":[0.833]},"o":{"x":[0.167],"y":[0.167]},"n":["0p833_0p833_0p167_0p167"],"t":0,"s":[0],"e":[720]},{"t":89}],"ix":10},"p":{"a":0,"k":[133.5,81,0],"ix":2},"a":{"a":0,"k":[26,28,0],"ix":1},"s":{"a":0,"k":[100,100,100],"ix":6}},"ao":0,"ip":0,"op":2338,"st":0,"bm":0},{"ddd":0,"ind":6,"ty":2,"nm":"111_l.png","cl":"png","refId":"image_4","sr":1,"ks":{"o":{"a":0,"k":100,"ix":11},"r":{"a":0,"k":0,"ix":10},"p":{"a":0,"k":[100,100,0],"ix":2},"a":{"a":0,"k":[79,79,0],"ix":1},"s":{"a":0,"k":[100,100,100],"ix":6}},"ao":0,"ip":0,"op":2338,"st":0,"bm":0}],"markers":[]}