{"v":"5.1.8","fr":30,"ip":0,"op":90,"w":250,"h":250,"nm":"生气 3","ddd":0,"assets":[{"id":"image_0","w":64,"h":51,"u":"images/","p":"108_yq.png"},{"id":"image_1","w":64,"h":51,"u":"images/","p":"108_zq.png"},{"id":"image_2","w":52,"h":19,"u":"images/","p":"108_zb.png"},{"id":"image_3","w":45,"h":23,"u":"images/","p":"108_zmm.png"},{"id":"image_4","w":45,"h":23,"u":"images/","p":"108_ymm.png"},{"id":"image_5","w":22,"h":22,"u":"images/","p":"108_zy.png"},{"id":"image_6","w":21,"h":22,"u":"images/","p":"108_yy.png"},{"id":"image_7","w":162,"h":181,"u":"images/","p":"108_huo.png"},{"id":"image_8","w":158,"h":158,"u":"images/","p":"108_l.png"}],"layers":[{"ddd":0,"ind":2,"ty":2,"nm":"108_yq.png","cl":"png","refId":"image_0","sr":1,"ks":{"o":{"a":1,"k":[{"i":{"x":[0.833],"y":[0.833]},"o":{"x":[0.167],"y":[0.167]},"n":["0p833_0p833_0p167_0p167"],"t":32,"s":[100],"e":[0]},{"i":{"x":[0.833],"y":[0.833]},"o":{"x":[0.167],"y":[0.167]},"n":["0p833_0p833_0p167_0p167"],"t":40,"s":[0],"e":[0]},{"i":{"x":[0.833],"y":[0.833]},"o":{"x":[0.167],"y":[0.167]},"n":["0p833_0p833_0p167_0p167"],"t":87,"s":[0],"e":[0]},{"t":90}],"ix":11},"r":{"a":0,"k":0,"ix":10},"p":{"a":0,"k":[136.5,146,0],"ix":2},"a":{"a":0,"k":[0,0.5,0],"ix":1},"s":{"a":1,"k":[{"i":{"x":[0.833,0.833,0.833],"y":[0.833,0.833,0.833]},"o":{"x":[0.167,0.167,0.167],"y":[0.167,0.167,0.167]},"n":["0p833_0p833_0p167_0p167","0p833_0p833_0p167_0p167","0p833_0p833_0p167_0p167"],"t":27,"s":[0,0,100],"e":[115,115,100]},{"t":33}],"ix":6}},"ao":0,"ip":27,"op":2343,"st":5,"bm":0},{"ddd":0,"ind":3,"ty":2,"nm":"108_zq.png","cl":"png","refId":"image_1","sr":1,"ks":{"o":{"a":1,"k":[{"i":{"x":[0.833],"y":[0.833]},"o":{"x":[0.167],"y":[0.167]},"n":["0p833_0p833_0p167_0p167"],"t":32,"s":[100],"e":[0]},{"i":{"x":[0.833],"y":[0.833]},"o":{"x":[0.167],"y":[0.167]},"n":["0p833_0p833_0p167_0p167"],"t":40,"s":[0],"e":[0]},{"i":{"x":[0.833],"y":[0.833]},"o":{"x":[0.167],"y":[0.167]},"n":["0p833_0p833_0p167_0p167"],"t":87,"s":[0],"e":[0]},{"t":90}],"ix":11},"r":{"a":0,"k":0,"ix":10},"p":{"a":0,"k":[112,149,0],"ix":2},"a":{"a":0,"k":[63.5,1,0],"ix":1},"s":{"a":1,"k":[{"i":{"x":[0.833,0.833,0.833],"y":[0.833,0.833,0.833]},"o":{"x":[0.167,0.167,0.167],"y":[0.167,0.167,0.167]},"n":["0p833_0p833_0p167_0p167","0p833_0p833_0p167_0p167","0p833_0p833_0p167_0p167"],"t":27,"s":[0,0,100],"e":[115,115,100]},{"t":33}],"ix":6}},"ao":0,"ip":27,"op":2343,"st":5,"bm":0},{"ddd":0,"ind":4,"ty":2,"nm":"108_yq.png","cl":"png","refId":"image_0","sr":1,"ks":{"o":{"a":1,"k":[{"i":{"x":[0.833],"y":[0.833]},"o":{"x":[0.167],"y":[0.167]},"n":["0p833_0p833_0p167_0p167"],"t":27,"s":[100],"e":[0]},{"i":{"x":[0.833],"y":[0.833]},"o":{"x":[0.167],"y":[0.167]},"n":["0p833_0p833_0p167_0p167"],"t":35,"s":[0],"e":[0]},{"i":{"x":[0.833],"y":[0.833]},"o":{"x":[0.167],"y":[0.167]},"n":["0p833_0p833_0p167_0p167"],"t":87,"s":[0],"e":[0]},{"t":90}],"ix":11},"r":{"a":0,"k":0,"ix":10},"p":{"a":0,"k":[136.5,146,0],"ix":2},"a":{"a":0,"k":[0,0.5,0],"ix":1},"s":{"a":1,"k":[{"i":{"x":[0.833,0.833,0.833],"y":[0.833,0.833,0.833]},"o":{"x":[0.167,0.167,0.167],"y":[0.167,0.167,0.167]},"n":["0p833_0p833_0p167_0p167","0p833_0p833_0p167_0p167","0p833_0p833_0p167_0p167"],"t":22,"s":[0,0,100],"e":[115,115,100]},{"t":28}],"ix":6}},"ao":0,"ip":22,"op":2338,"st":0,"bm":0},{"ddd":0,"ind":5,"ty":2,"nm":"108_zq.png","cl":"png","refId":"image_1","sr":1,"ks":{"o":{"a":1,"k":[{"i":{"x":[0.833],"y":[0.833]},"o":{"x":[0.167],"y":[0.167]},"n":["0p833_0p833_0p167_0p167"],"t":27,"s":[100],"e":[0]},{"i":{"x":[0.833],"y":[0.833]},"o":{"x":[0.167],"y":[0.167]},"n":["0p833_0p833_0p167_0p167"],"t":35,"s":[0],"e":[0]},{"i":{"x":[0.833],"y":[0.833]},"o":{"x":[0.167],"y":[0.167]},"n":["0p833_0p833_0p167_0p167"],"t":87,"s":[0],"e":[0]},{"t":90}],"ix":11},"r":{"a":0,"k":0,"ix":10},"p":{"a":0,"k":[112,149,0],"ix":2},"a":{"a":0,"k":[63.5,1,0],"ix":1},"s":{"a":1,"k":[{"i":{"x":[0.833,0.833,0.833],"y":[0.833,0.833,0.833]},"o":{"x":[0.167,0.167,0.167],"y":[0.167,0.167,0.167]},"n":["0p833_0p833_0p167_0p167","0p833_0p833_0p167_0p167","0p833_0p833_0p167_0p167"],"t":22,"s":[0,0,100],"e":[115,115,100]},{"t":28}],"ix":6}},"ao":0,"ip":22,"op":2338,"st":0,"bm":0},{"ddd":0,"ind":6,"ty":2,"nm":"108_zb.png","cl":"png","refId":"image_2","sr":1,"ks":{"o":{"a":1,"k":[{"i":{"x":[0.833],"y":[0.833]},"o":{"x":[0.167],"y":[0.167]},"n":["0p833_0p833_0p167_0p167"],"t":0,"s":[0],"e":[100]},{"i":{"x":[0.833],"y":[0.833]},"o":{"x":[0.167],"y":[0.167]},"n":["0p833_0p833_0p167_0p167"],"t":3,"s":[100],"e":[100]},{"i":{"x":[0.833],"y":[0.833]},"o":{"x":[0.167],"y":[0.167]},"n":["0p833_0p833_0p167_0p167"],"t":87,"s":[100],"e":[0]},{"t":90}],"ix":11},"r":{"a":0,"k":0,"ix":10},"p":{"a":1,"k":[{"i":{"x":0.667,"y":0.995},"o":{"x":0.333,"y":0},"n":"0p667_0p995_0p333_0","t":22,"s":[126,158.5,0],"e":[126,164.547,0],"to":[0,0.00325698684901,0],"ti":[0,-0.02771608345211,0]},{"i":{"x":0.667,"y":0.821},"o":{"x":0.167,"y":0.09},"n":"0p667_0p821_0p167_0p09","t":25,"s":[126,164.547,0],"e":[126,164.547,0],"to":[0,0.68142819404602,0],"ti":[0,0,0]},{"i":{"x":0.833,"y":1},"o":{"x":0.167,"y":0.006},"n":"0p833_1_0p167_0p006","t":35,"s":[126,164.547,0],"e":[126,161,0],"to":[0,0,0],"ti":[0,-0.08333333581686,0]},{"i":{"x":0.833,"y":1},"o":{"x":0.333,"y":0},"n":"0p833_1_0p333_0","t":39,"s":[126,161,0],"e":[126,161,0],"to":[0,0.00325698684901,0],"ti":[0,-0.08333333581686,0]},{"i":{"x":0.667,"y":0.988},"o":{"x":0.333,"y":0},"n":"0p667_0p988_0p333_0","t":40,"s":[126,161,0],"e":[126,164.547,0],"to":[0,0.00325698684901,0],"ti":[0,0,0]},{"i":{"x":0.667,"y":0.667},"o":{"x":0.167,"y":0.167},"n":"0p667_0p667_0p167_0p167","t":44,"s":[126,164.547,0],"e":[126,164.547,0],"to":[0,0,0],"ti":[0,0,0]},{"i":{"x":0.833,"y":1},"o":{"x":0.167,"y":0.006},"n":"0p833_1_0p167_0p006","t":45,"s":[126,164.547,0],"e":[126,161,0],"to":[0,0,0],"ti":[0,-0.08333333581686,0]},{"i":{"x":0.833,"y":1},"o":{"x":0.333,"y":0},"n":"0p833_1_0p333_0","t":49,"s":[126,161,0],"e":[126,161,0],"to":[0,0.00325698684901,0],"ti":[0,-0.08333333581686,0]},{"i":{"x":0.667,"y":0.988},"o":{"x":0.333,"y":0},"n":"0p667_0p988_0p333_0","t":50,"s":[126,161,0],"e":[126,164.547,0],"to":[0,0.00325698684901,0],"ti":[0,0,0]},{"i":{"x":0.667,"y":0.667},"o":{"x":0.167,"y":0.167},"n":"0p667_0p667_0p167_0p167","t":54,"s":[126,164.547,0],"e":[126,164.547,0],"to":[0,0,0],"ti":[0,0,0]},{"i":{"x":0.833,"y":1},"o":{"x":0.167,"y":0.005},"n":"0p833_1_0p167_0p005","t":55,"s":[126,164.547,0],"e":[126,161,0],"to":[0,0,0],"ti":[0,-0.08333333581686,0]},{"i":{"x":0.833,"y":1},"o":{"x":0.333,"y":0},"n":"0p833_1_0p333_0","t":58,"s":[126,161,0],"e":[126,161,0],"to":[0,0.00325698684901,0],"ti":[0,-0.08333333581686,0]},{"i":{"x":0.667,"y":0.994},"o":{"x":0.333,"y":0},"n":"0p667_0p994_0p333_0","t":59,"s":[126,161,0],"e":[126,164.547,0],"to":[0,0.00325698684901,0],"ti":[0,0,0]},{"i":{"x":0.667,"y":0.667},"o":{"x":0.167,"y":0.167},"n":"0p667_0p667_0p167_0p167","t":61,"s":[126,164.547,0],"e":[126,164.547,0],"to":[0,0,0],"ti":[0,0,0]},{"i":{"x":0.833,"y":1},"o":{"x":0.167,"y":0.006},"n":"0p833_1_0p167_0p006","t":62,"s":[126,164.547,0],"e":[126,161,0],"to":[0,0,0],"ti":[0,-0.08333333581686,0]},{"i":{"x":0.833,"y":1},"o":{"x":0.333,"y":0},"n":"0p833_1_0p333_0","t":66,"s":[126,161,0],"e":[126,161,0],"to":[0,0.00325698684901,0],"ti":[0,-0.08333333581686,0]},{"i":{"x":0.667,"y":0.985},"o":{"x":0.333,"y":0},"n":"0p667_0p985_0p333_0","t":67,"s":[126,161,0],"e":[126,164.547,0],"to":[0,0.00325698684901,0],"ti":[0,0,0]},{"i":{"x":0.667,"y":0.667},"o":{"x":0.167,"y":0.167},"n":"0p667_0p667_0p167_0p167","t":72,"s":[126,164.547,0],"e":[126,164.547,0],"to":[0,0,0],"ti":[0,0,0]},{"i":{"x":0.833,"y":1},"o":{"x":0.167,"y":0.003},"n":"0p833_1_0p167_0p003","t":73,"s":[126,164.547,0],"e":[126,161,0],"to":[0,0,0],"ti":[0,-0.08333333581686,0]},{"i":{"x":0.833,"y":1},"o":{"x":0.333,"y":0},"n":"0p833_1_0p333_0","t":75,"s":[126,161,0],"e":[126,161,0],"to":[0,0.00325698684901,0],"ti":[0,-0.08333333581686,0]},{"i":{"x":0.667,"y":0.994},"o":{"x":0.333,"y":0},"n":"0p667_0p994_0p333_0","t":76,"s":[126,161,0],"e":[126,164.547,0],"to":[0,0.00325698684901,0],"ti":[0,0,0]},{"i":{"x":0.667,"y":0.667},"o":{"x":0.167,"y":0.167},"n":"0p667_0p667_0p167_0p167","t":78,"s":[126,164.547,0],"e":[126,164.547,0],"to":[0,0,0],"ti":[0,0,0]},{"i":{"x":0.833,"y":1},"o":{"x":0.167,"y":0.006},"n":"0p833_1_0p167_0p006","t":79,"s":[126,164.547,0],"e":[126,161,0],"to":[0,0,0],"ti":[0,-0.08333333581686,0]},{"i":{"x":0.833,"y":1},"o":{"x":0.333,"y":0},"n":"0p833_1_0p333_0","t":83,"s":[126,161,0],"e":[126,161,0],"to":[0,0.00325698684901,0],"ti":[0,-0.08333333581686,0]},{"i":{"x":0.667,"y":0.988},"o":{"x":0.333,"y":0},"n":"0p667_0p988_0p333_0","t":84,"s":[126,161,0],"e":[126,164.547,0],"to":[0,0.00325698684901,0],"ti":[0,0,0]},{"i":{"x":0.667,"y":0.667},"o":{"x":0.167,"y":0.167},"n":"0p667_0p667_0p167_0p167","t":88,"s":[126,164.547,0],"e":[126,164.547,0],"to":[0,0,0],"ti":[0,0,0]},{"t":89}],"ix":2},"a":{"a":0,"k":[26,9.5,0],"ix":1},"s":{"a":0,"k":[100,100,100],"ix":6}},"ao":0,"ip":0,"op":2338,"st":0,"bm":0},{"ddd":0,"ind":7,"ty":2,"nm":"108_zmm.png","cl":"png","refId":"image_3","sr":1,"ks":{"o":{"a":1,"k":[{"i":{"x":[0.833],"y":[0.833]},"o":{"x":[0.167],"y":[0.167]},"n":["0p833_0p833_0p167_0p167"],"t":0,"s":[0],"e":[100]},{"i":{"x":[0.833],"y":[0.833]},"o":{"x":[0.167],"y":[0.167]},"n":["0p833_0p833_0p167_0p167"],"t":3,"s":[100],"e":[100]},{"i":{"x":[0.833],"y":[0.833]},"o":{"x":[0.167],"y":[0.167]},"n":["0p833_0p833_0p167_0p167"],"t":87,"s":[100],"e":[0]},{"t":90}],"ix":11},"r":{"a":0,"k":0,"ix":10},"p":{"a":1,"k":[{"i":{"x":0.667,"y":0.997},"o":{"x":0.333,"y":0},"n":"0p667_0p997_0p333_0","t":0,"s":[84,120,0],"e":[84.501,120.502,0],"to":[0.00005457651787,0.00034928970854,0],"ti":[-0.00031701396802,-0.00123682664707,0]},{"i":{"x":0.667,"y":0.993},"o":{"x":0.333,"y":0.004},"n":"0p667_0p993_0p333_0p004","t":1,"s":[84.501,120.502,0],"e":[85.003,120.011,0],"to":[0.00049622135703,0.00193600228522,0],"ti":[-0.00099636707455,-0.0039387755096,0]},{"i":{"x":0.667,"y":0.994},"o":{"x":0.333,"y":0.004},"n":"0p667_0p994_0p333_0p004","t":2,"s":[85.003,120.011,0],"e":[86.006,120.527,0],"to":[0.00102407624945,0.00404831394553,0],"ti":[-0.00139855127782,-0.00625483365729,0]},{"i":{"x":0.667,"y":0.994},"o":{"x":0.333,"y":0.005},"n":"0p667_0p994_0p333_0p005","t":3,"s":[86.006,120.527,0],"e":[86.511,119.049,0],"to":[0.00142257893458,0.00636229384691,0],"ti":[-0.00150092202239,-0.00843865610659,0]},{"i":{"x":0.667,"y":0.994},"o":{"x":0.333,"y":0.004},"n":"0p667_0p994_0p333_0p004","t":4,"s":[86.511,119.049,0],"e":[84.515,119.578,0],"to":[0.00149150157813,0.00838569179177,0],"ti":[-0.00141501869075,-0.01083768252283,0]},{"i":{"x":0.667,"y":0.992},"o":{"x":0.333,"y":0.006},"n":"0p667_0p992_0p333_0p006","t":5,"s":[84.515,119.578,0],"e":[85.52,121.114,0],"to":[0.00142412935384,0.01090746093541,0],"ti":[-0.00197728048079,-0.01316870097071,0]},{"i":{"x":0.667,"y":0.993},"o":{"x":0.333,"y":0.007},"n":"0p667_0p993_0p333_0p007","t":6,"s":[85.52,121.114,0],"e":[87.027,119.657,0],"to":[0.00200295145623,0.01333966944367,0],"ti":[-0.00222449097782,-0.0151001829654,0]},{"i":{"x":0.667,"y":0.988},"o":{"x":0.333,"y":0.01},"n":"0p667_0p988_0p333_0p01","t":7,"s":[87.027,119.657,0],"e":[86.533,118.205,0],"to":[0.0022015850991,0.01494469400495,0],"ti":[-0.00191312271636,-0.01711884699762,0]},{"i":{"x":0.667,"y":0.989},"o":{"x":0.333,"y":0.01},"n":"0p667_0p989_0p333_0p01","t":8,"s":[86.533,118.205,0],"e":[88.038,119.26,0],"to":[0.00190520461183,0.01704799383879,0],"ti":[-0.00179524533451,-0.01965058781207,0]},{"i":{"x":0.667,"y":0.987},"o":{"x":0.333,"y":0.012},"n":"0p667_0p987_0p333_0p012","t":9,"s":[88.038,119.26,0],"e":[89.043,117.823,0],"to":[0.00181265862193,0.01984119229019,0],"ti":[-0.00117122381926,-0.02206323668361,0]},{"i":{"x":0.667,"y":0.978},"o":{"x":0.333,"y":0.02},"n":"0p667_0p978_0p333_0p02","t":10,"s":[89.043,117.823,0],"e":[88.045,118.393,0],"to":[0.00116647907998,0.02197385765612,0],"ti":[-0.00018569533131,-0.02465272322297,0]},{"i":{"x":0.667,"y":0.984},"o":{"x":0.333,"y":0.014},"n":"0p667_0p984_0p333_0p014","t":11,"s":[88.045,118.393,0],"e":[89.545,117.471,0],"to":[0.00018654504674,0.02476553060114,0],"ti":[0.00040204473771,-0.02719918638468,0]},{"i":{"x":0.667,"y":0.978},"o":{"x":0.333,"y":0.02},"n":"0p667_0p978_0p333_0p02","t":12,"s":[89.545,117.471,0],"e":[88.542,116.556,0],"to":[-0.00040134214214,0.02715165354311,0],"ti":[0.00154688651673,-0.02988316118717,0]},{"i":{"x":0.667,"y":0.981},"o":{"x":0.333,"y":0.018},"n":"0p667_0p981_0p333_0p018","t":13,"s":[88.542,116.556,0],"e":[87.536,115.15,0],"to":[-0.00154562678654,0.0298588257283,0],"ti":[0.00226306077093,-0.03289183974266,0]},{"i":{"x":0.667,"y":0.982},"o":{"x":0.333,"y":0.016},"n":"0p667_0p982_0p333_0p016","t":14,"s":[87.536,115.15,0],"e":[87.529,117.254,0],"to":[-0.0022550530266,0.03277545422316,0],"ti":[0.00254421657883,-0.03629216551781,0]},{"i":{"x":0.667,"y":0.971},"o":{"x":0.333,"y":0.027},"n":"0p667_0p971_0p333_0p027","t":15,"s":[87.529,117.254,0],"e":[87.521,115.867,0],"to":[-0.00255880318582,0.03650023788214,0],"ti":[0.00284184445627,-0.03910309448838,0]},{"i":{"x":0.667,"y":0.994},"o":{"x":0.333,"y":0.009},"n":"0p667_0p994_0p333_0p009","t":16,"s":[87.521,115.867,0],"e":[91.545,117.471,0],"to":[-0.00282637984492,0.03889030590653,0],"ti":[0.00040204473771,-0.02719918638468,0]},{"i":{"x":0.667,"y":0.994},"o":{"x":0.333,"y":0.005},"n":"0p667_0p994_0p333_0p005","t":17,"s":[91.545,117.471,0],"e":[87.042,115.056,0],"to":[-0.00040134214214,0.02715165354311,0],"ti":[0.00154688651673,-0.02988316118717,0]},{"i":{"x":0.667,"y":0.934},"o":{"x":0.333,"y":0.06},"n":"0p667_0p934_0p333_0p06","t":18,"s":[87.042,115.056,0],"e":[87.536,115.15,0],"to":[-0.00154562678654,0.0298588257283,0],"ti":[0.00226306077093,-0.03289183974266,0]},{"i":{"x":0.667,"y":0.984},"o":{"x":0.333,"y":0.014},"n":"0p667_0p984_0p333_0p014","t":19,"s":[87.536,115.15,0],"e":[86.529,117.254,0],"to":[-0.0022550530266,0.03277545422316,0],"ti":[0.00254421657883,-0.03629216551781,0]},{"i":{"x":0.667,"y":0.977},"o":{"x":0.333,"y":0.022},"n":"0p667_0p977_0p333_0p022","t":20,"s":[86.529,117.254,0],"e":[87.521,115.867,0],"to":[-0.00255880318582,0.03650023788214,0],"ti":[0.00284184445627,-0.03910309448838,0]},{"i":{"x":0.667,"y":1},"o":{"x":0.333,"y":0.007},"n":"0p667_1_0p333_0p007","t":21,"s":[87.521,115.867,0],"e":[84,120,0],"to":[-0.00282637984492,0.03889030590653,0],"ti":[-0.41666665673256,-2.66666674613953,0]},{"i":{"x":0.667,"y":0.996},"o":{"x":0.333,"y":0},"n":"0p667_0p996_0p333_0","t":22,"s":[84,120,0],"e":[84.014,112.047,0],"to":[0.00000237428958,0.00001519545367,0],"ti":[-0.00905323307961,-0.03078691661358,0]},{"i":{"x":0.667,"y":0.82},"o":{"x":0.167,"y":0.09},"n":"0p667_0p82_0p167_0p09","t":25,"s":[84.014,112.047,0],"e":[84.014,112.047,0],"to":[0.19904856383801,0.67689538002014,0],"ti":[0,0,0]},{"i":{"x":0.667,"y":1},"o":{"x":0.167,"y":0.004},"n":"0p667_1_0p167_0p004","t":35,"s":[84.014,112.047,0],"e":[88,115.5,0],"to":[0,0,0],"ti":[-0.41666665673256,-2.66666674613953,0]},{"i":{"x":0.667,"y":1},"o":{"x":0.333,"y":0},"n":"0p667_1_0p333_0","t":39,"s":[88,115.5,0],"e":[88,115.5,0],"to":[0.00000237428958,0.00001519545367,0],"ti":[-0.41666665673256,-2.66666674613953,0]},{"i":{"x":0.667,"y":0.991},"o":{"x":0.333,"y":0},"n":"0p667_0p991_0p333_0","t":40,"s":[88,115.5,0],"e":[84.014,112.047,0],"to":[0.00000237428958,0.00001519545367,0],"ti":[0,0,0]},{"i":{"x":0.667,"y":0.667},"o":{"x":0.167,"y":0.167},"n":"0p667_0p667_0p167_0p167","t":44,"s":[84.014,112.047,0],"e":[84.014,112.047,0],"to":[0,0,0],"ti":[0,0,0]},{"i":{"x":0.667,"y":1},"o":{"x":0.167,"y":0.004},"n":"0p667_1_0p167_0p004","t":45,"s":[84.014,112.047,0],"e":[88,115.5,0],"to":[0,0,0],"ti":[-0.41666665673256,-2.66666674613953,0]},{"i":{"x":0.667,"y":1},"o":{"x":0.333,"y":0},"n":"0p667_1_0p333_0","t":49,"s":[88,115.5,0],"e":[88,115.5,0],"to":[0.00000237428958,0.00001519545367,0],"ti":[-0.41666665673256,-2.66666674613953,0]},{"i":{"x":0.667,"y":0.991},"o":{"x":0.333,"y":0},"n":"0p667_0p991_0p333_0","t":50,"s":[88,115.5,0],"e":[84.014,112.047,0],"to":[0.00000237428958,0.00001519545367,0],"ti":[0,0,0]},{"i":{"x":0.667,"y":0.667},"o":{"x":0.167,"y":0.167},"n":"0p667_0p667_0p167_0p167","t":54,"s":[84.014,112.047,0],"e":[84.014,112.047,0],"to":[0,0,0],"ti":[0,0,0]},{"i":{"x":0.667,"y":1},"o":{"x":0.167,"y":0.003},"n":"0p667_1_0p167_0p003","t":55,"s":[84.014,112.047,0],"e":[88,115.5,0],"to":[0,0,0],"ti":[-0.41666665673256,-2.66666674613953,0]},{"i":{"x":0.667,"y":1},"o":{"x":0.333,"y":0},"n":"0p667_1_0p333_0","t":58,"s":[88,115.5,0],"e":[88,115.5,0],"to":[0.00000237428958,0.00001519545367,0],"ti":[-0.41666665673256,-2.66666674613953,0]},{"i":{"x":0.667,"y":0.996},"o":{"x":0.333,"y":0},"n":"0p667_0p996_0p333_0","t":59,"s":[88,115.5,0],"e":[84.014,112.047,0],"to":[0.00000237428958,0.00001519545367,0],"ti":[0,0,0]},{"i":{"x":0.667,"y":0.667},"o":{"x":0.167,"y":0.167},"n":"0p667_0p667_0p167_0p167","t":61,"s":[84.014,112.047,0],"e":[84.014,112.047,0],"to":[0,0,0],"ti":[0,0,0]},{"i":{"x":0.667,"y":1},"o":{"x":0.167,"y":0.004},"n":"0p667_1_0p167_0p004","t":62,"s":[84.014,112.047,0],"e":[88,115.5,0],"to":[0,0,0],"ti":[-0.41666665673256,-2.66666674613953,0]},{"i":{"x":0.667,"y":1},"o":{"x":0.333,"y":0},"n":"0p667_1_0p333_0","t":66,"s":[88,115.5,0],"e":[88,115.5,0],"to":[0.00000237428958,0.00001519545367,0],"ti":[-0.41666665673256,-2.66666674613953,0]},{"i":{"x":0.667,"y":0.989},"o":{"x":0.333,"y":0},"n":"0p667_0p989_0p333_0","t":67,"s":[88,115.5,0],"e":[84.014,112.047,0],"to":[0.00000237428958,0.00001519545367,0],"ti":[0,0,0]},{"i":{"x":0.667,"y":0.667},"o":{"x":0.167,"y":0.167},"n":"0p667_0p667_0p167_0p167","t":72,"s":[84.014,112.047,0],"e":[84.014,112.047,0],"to":[0,0,0],"ti":[0,0,0]},{"i":{"x":0.667,"y":1},"o":{"x":0.167,"y":0.002},"n":"0p667_1_0p167_0p002","t":73,"s":[84.014,112.047,0],"e":[88,115.5,0],"to":[0,0,0],"ti":[-0.41666665673256,-2.66666674613953,0]},{"i":{"x":0.667,"y":1},"o":{"x":0.333,"y":0},"n":"0p667_1_0p333_0","t":75,"s":[88,115.5,0],"e":[88,115.5,0],"to":[0.00000237428958,0.00001519545367,0],"ti":[-0.41666665673256,-2.66666674613953,0]},{"i":{"x":0.667,"y":0.996},"o":{"x":0.333,"y":0},"n":"0p667_0p996_0p333_0","t":76,"s":[88,115.5,0],"e":[84.014,112.047,0],"to":[0.00000237428958,0.00001519545367,0],"ti":[0,0,0]},{"i":{"x":0.667,"y":0.667},"o":{"x":0.167,"y":0.167},"n":"0p667_0p667_0p167_0p167","t":78,"s":[84.014,112.047,0],"e":[84.014,112.047,0],"to":[0,0,0],"ti":[0,0,0]},{"i":{"x":0.667,"y":1},"o":{"x":0.167,"y":0.004},"n":"0p667_1_0p167_0p004","t":79,"s":[84.014,112.047,0],"e":[88,115.5,0],"to":[0,0,0],"ti":[-0.41666665673256,-2.66666674613953,0]},{"i":{"x":0.667,"y":1},"o":{"x":0.333,"y":0},"n":"0p667_1_0p333_0","t":83,"s":[88,115.5,0],"e":[88,115.5,0],"to":[0.00000237428958,0.00001519545367,0],"ti":[-0.41666665673256,-2.66666674613953,0]},{"i":{"x":0.667,"y":0.991},"o":{"x":0.333,"y":0},"n":"0p667_0p991_0p333_0","t":84,"s":[88,115.5,0],"e":[84.014,112.047,0],"to":[0.00000237428958,0.00001519545367,0],"ti":[0,0,0]},{"i":{"x":0.667,"y":0.667},"o":{"x":0.167,"y":0.167},"n":"0p667_0p667_0p167_0p167","t":88,"s":[84.014,112.047,0],"e":[84.014,112.047,0],"to":[0,0,0],"ti":[0,0,0]},{"t":89}],"ix":2},"a":{"a":0,"k":[22.5,11.5,0],"ix":1},"s":{"a":0,"k":[100,100,100],"ix":6}},"ao":0,"ip":0,"op":2338,"st":0,"bm":0},{"ddd":0,"ind":8,"ty":2,"nm":"108_ymm.png","cl":"png","refId":"image_4","sr":1,"ks":{"o":{"a":1,"k":[{"i":{"x":[0.833],"y":[0.833]},"o":{"x":[0.167],"y":[0.167]},"n":["0p833_0p833_0p167_0p167"],"t":0,"s":[0],"e":[100]},{"i":{"x":[0.833],"y":[0.833]},"o":{"x":[0.167],"y":[0.167]},"n":["0p833_0p833_0p167_0p167"],"t":3,"s":[100],"e":[100]},{"i":{"x":[0.833],"y":[0.833]},"o":{"x":[0.167],"y":[0.167]},"n":["0p833_0p833_0p167_0p167"],"t":87,"s":[100],"e":[0]},{"t":90}],"ix":11},"r":{"a":0,"k":0,"ix":10},"p":{"a":1,"k":[{"i":{"x":0.667,"y":0.995},"o":{"x":0.333,"y":0},"n":"0p667_0p995_0p333_0","t":0,"s":[165.5,119.5,0],"e":[164.999,119.502,0],"to":[-0.00005457651787,0.00034928970854,0],"ti":[0.00031701396802,-0.00123682664707,0]},{"i":{"x":0.667,"y":0.995},"o":{"x":0.333,"y":0.002},"n":"0p667_0p995_0p333_0p002","t":1,"s":[164.999,119.502,0],"e":[163.997,119.511,0],"to":[-0.00049308827147,0.00192377879284,0],"ti":[0.00098697491921,-0.00403058249503,0]},{"i":{"x":0.667,"y":0.993},"o":{"x":0.333,"y":0.005},"n":"0p667_0p993_0p333_0p005","t":2,"s":[163.997,119.511,0],"e":[162.994,119.527,0],"to":[-0.00102587952279,0.00418946007267,0],"ti":[0.00126148643903,-0.00641140900552,0]},{"i":{"x":0.667,"y":0.99},"o":{"x":0.333,"y":0.007},"n":"0p667_0p99_0p333_0p007","t":3,"s":[162.994,119.527,0],"e":[162.99,118.55,0],"to":[-0.00127530179452,0.00648162467405,0],"ti":[0.00121130782645,-0.0086957141757,0]},{"i":{"x":0.667,"y":0.99},"o":{"x":0.333,"y":0.008},"n":"0p667_0p99_0p333_0p008","t":4,"s":[162.99,118.55,0],"e":[163.987,119.08,0],"to":[-0.00120816542767,0.00867315474898,0],"ti":[0.00114569813013,-0.01112348586321,0]},{"i":{"x":0.667,"y":0.99},"o":{"x":0.333,"y":0.008},"n":"0p667_0p99_0p333_0p008","t":5,"s":[163.987,119.08,0],"e":[162.983,120.117,0],"to":[-0.00115207117051,0.01118536200374,0],"ti":[0.00140567927156,-0.01344003528357,0]},{"i":{"x":0.667,"y":0.991},"o":{"x":0.333,"y":0.008},"n":"0p667_0p991_0p333_0p008","t":6,"s":[162.983,120.117,0],"e":[161.979,118.66,0],"to":[-0.00141401344445,0.01351971924305,0],"ti":[0.00133620353881,-0.01541147381067,0]},{"i":{"x":0.667,"y":0.99},"o":{"x":0.333,"y":0.009},"n":"0p667_0p99_0p333_0p009","t":7,"s":[161.979,118.66,0],"e":[163.475,117.71,0],"to":[-0.00132807600312,0.01531773339957,0],"ti":[0.00092078145826,-0.01763139292598,0]},{"i":{"x":0.667,"y":0.99},"o":{"x":0.333,"y":0.009},"n":"0p667_0p99_0p333_0p009","t":8,"s":[163.475,117.71,0],"e":[161.972,116.266,0],"to":[-0.00091863918351,0.01759037189186,0],"ti":[0.00103208993096,-0.02016675658524,0]},{"i":{"x":0.667,"y":0.993},"o":{"x":0.333,"y":0.006},"n":"0p667_0p993_0p333_0p006","t":9,"s":[161.972,116.266,0],"e":[160.97,119.331,0],"to":[-0.00102866522502,0.02009983733296,0],"ti":[0.00061932340031,-0.02310394309461,0]},{"i":{"x":0.667,"y":0.985},"o":{"x":0.333,"y":0.014},"n":"0p667_0p985_0p333_0p014","t":10,"s":[160.97,119.331,0],"e":[159.969,117.904,0],"to":[-0.00062862306368,0.02345086820424,0],"ti":[-0.00014785320673,-0.02535748668015,0]},{"i":{"x":0.667,"y":0.985},"o":{"x":0.333,"y":0.014},"n":"0p667_0p985_0p333_0p014","t":11,"s":[159.969,117.904,0],"e":[158.471,118.984,0],"to":[0.00014764509979,0.0253217946738,0],"ti":[-0.00127562659327,-0.02772403508425,0]},{"i":{"x":0.667,"y":0.988},"o":{"x":0.333,"y":0.011},"n":"0p667_0p988_0p333_0p011","t":12,"s":[158.471,118.984,0],"e":[157.978,116.571,0],"to":[0.00128444610164,0.02791571430862,0],"ti":[-0.00298184016719,-0.02988243475556,0]},{"i":{"x":0.667,"y":0.982},"o":{"x":0.333,"y":0.016},"n":"0p667_0p982_0p333_0p016","t":13,"s":[157.978,116.571,0],"e":[159.489,117.664,0],"to":[0.00297461263835,0.02981000766158,0],"ti":[-0.00481501640752,-0.0326997898519,0]},{"i":{"x":0.667,"y":0.975},"o":{"x":0.333,"y":0.023},"n":"0p667_0p975_0p333_0p023","t":14,"s":[159.489,117.664,0],"e":[158.506,118.767,0],"to":[0.00484600104392,0.0329102165997,0],"ti":[-0.00602992856875,-0.0353233627975,0]},{"i":{"x":0.667,"y":0.962},"o":{"x":0.333,"y":0.036},"n":"0p667_0p962_0p333_0p036","t":15,"s":[158.506,118.767,0],"e":[158.026,117.876,0],"to":[0.00603399286047,0.0353471711278,0],"ti":[-0.00761194620281,-0.03724859654903,0]},{"i":{"x":0.667,"y":0.989},"o":{"x":0.333,"y":0.014},"n":"0p667_0p989_0p333_0p014","t":16,"s":[158.026,117.876,0],"e":[156.971,117.984,0],"to":[0.50796836614609,2.48571252822876,0],"ti":[-0.00127562659327,-0.02772403508425,0]},{"i":{"x":0.667,"y":0.993},"o":{"x":0.333,"y":0.007},"n":"0p667_0p993_0p333_0p007","t":17,"s":[156.971,117.984,0],"e":[160.478,115.571,0],"to":[0.00128444610164,0.02791571430862,0],"ti":[-0.00298184016719,-0.02988243475556,0]},{"i":{"x":0.667,"y":0.985},"o":{"x":0.333,"y":0.013},"n":"0p667_0p985_0p333_0p013","t":18,"s":[160.478,115.571,0],"e":[159.489,117.664,0],"to":[0.00297461263835,0.02981000766158,0],"ti":[-0.00481501640752,-0.0326997898519,0]},{"i":{"x":0.667,"y":0.989},"o":{"x":0.333,"y":0.01},"n":"0p667_0p989_0p333_0p01","t":19,"s":[159.489,117.664,0],"e":[157.506,120.267,0],"to":[0.00484600104392,0.0329102165997,0],"ti":[-0.00602992856875,-0.0353233627975,0]},{"i":{"x":0.667,"y":0.984},"o":{"x":0.333,"y":0.015},"n":"0p667_0p984_0p333_0p015","t":20,"s":[157.506,120.267,0],"e":[158.026,117.876,0],"to":[0.00603399286047,0.0353471711278,0],"ti":[-0.00761194620281,-0.03724859654903,0]},{"i":{"x":0.667,"y":1},"o":{"x":0.333,"y":0.004},"n":"0p667_1_0p333_0p004","t":21,"s":[158.026,117.876,0],"e":[165.5,119.5,0],"to":[0.50796836614609,2.48571252822876,0],"ti":[0.41666665673256,-2.66666674613953,0]},{"i":{"x":0.667,"y":0.995},"o":{"x":0.333,"y":0},"n":"0p667_0p995_0p333_0","t":22,"s":[165.5,119.5,0],"e":[165.486,112.047,0],"to":[-0.00000237428958,0.00001519545367,0],"ti":[0.00905323307961,-0.03078691661358,0]},{"i":{"x":0.667,"y":0.82},"o":{"x":0.167,"y":0.09},"n":"0p667_0p82_0p167_0p09","t":25,"s":[165.486,112.047,0],"e":[165.486,112.047,0],"to":[-0.19904856383801,0.67689538002014,0],"ti":[0,0,0]},{"i":{"x":0.667,"y":1},"o":{"x":0.167,"y":0.004},"n":"0p667_1_0p167_0p004","t":35,"s":[165.486,112.047,0],"e":[161.5,115,0],"to":[0,0,0],"ti":[0.41666665673256,-2.66666674613953,0]},{"i":{"x":0.667,"y":1},"o":{"x":0.333,"y":0},"n":"0p667_1_0p333_0","t":39,"s":[161.5,115,0],"e":[161.5,115,0],"to":[-0.00000237428958,0.00001519545367,0],"ti":[0.41666665673256,-2.66666674613953,0]},{"i":{"x":0.667,"y":0.991},"o":{"x":0.333,"y":0},"n":"0p667_0p991_0p333_0","t":40,"s":[161.5,115,0],"e":[165.486,112.047,0],"to":[-0.00000237428958,0.00001519545367,0],"ti":[0,0,0]},{"i":{"x":0.667,"y":0.667},"o":{"x":0.167,"y":0.167},"n":"0p667_0p667_0p167_0p167","t":44,"s":[165.486,112.047,0],"e":[165.486,112.047,0],"to":[0,0,0],"ti":[0,0,0]},{"i":{"x":0.667,"y":1},"o":{"x":0.167,"y":0.004},"n":"0p667_1_0p167_0p004","t":45,"s":[165.486,112.047,0],"e":[161.5,115,0],"to":[0,0,0],"ti":[0.41666665673256,-2.66666674613953,0]},{"i":{"x":0.667,"y":1},"o":{"x":0.333,"y":0},"n":"0p667_1_0p333_0","t":49,"s":[161.5,115,0],"e":[161.5,115,0],"to":[-0.00000237428958,0.00001519545367,0],"ti":[0.41666665673256,-2.66666674613953,0]},{"i":{"x":0.667,"y":0.991},"o":{"x":0.333,"y":0},"n":"0p667_0p991_0p333_0","t":50,"s":[161.5,115,0],"e":[165.486,112.047,0],"to":[-0.00000237428958,0.00001519545367,0],"ti":[0,0,0]},{"i":{"x":0.667,"y":0.667},"o":{"x":0.167,"y":0.167},"n":"0p667_0p667_0p167_0p167","t":54,"s":[165.486,112.047,0],"e":[165.486,112.047,0],"to":[0,0,0],"ti":[0,0,0]},{"i":{"x":0.667,"y":1},"o":{"x":0.167,"y":0.003},"n":"0p667_1_0p167_0p003","t":55,"s":[165.486,112.047,0],"e":[161.5,115,0],"to":[0,0,0],"ti":[0.41666665673256,-2.66666674613953,0]},{"i":{"x":0.667,"y":1},"o":{"x":0.333,"y":0},"n":"0p667_1_0p333_0","t":58,"s":[161.5,115,0],"e":[161.5,115,0],"to":[-0.00000237428958,0.00001519545367,0],"ti":[0.41666665673256,-2.66666674613953,0]},{"i":{"x":0.667,"y":0.995},"o":{"x":0.333,"y":0},"n":"0p667_0p995_0p333_0","t":59,"s":[161.5,115,0],"e":[165.486,112.047,0],"to":[-0.00000237428958,0.00001519545367,0],"ti":[0,0,0]},{"i":{"x":0.667,"y":0.667},"o":{"x":0.167,"y":0.167},"n":"0p667_0p667_0p167_0p167","t":61,"s":[165.486,112.047,0],"e":[165.486,112.047,0],"to":[0,0,0],"ti":[0,0,0]},{"i":{"x":0.667,"y":1},"o":{"x":0.167,"y":0.004},"n":"0p667_1_0p167_0p004","t":62,"s":[165.486,112.047,0],"e":[161.5,115,0],"to":[0,0,0],"ti":[0.41666665673256,-2.66666674613953,0]},{"i":{"x":0.667,"y":1},"o":{"x":0.333,"y":0},"n":"0p667_1_0p333_0","t":66,"s":[161.5,115,0],"e":[161.5,115,0],"to":[-0.00000237428958,0.00001519545367,0],"ti":[0.41666665673256,-2.66666674613953,0]},{"i":{"x":0.667,"y":0.989},"o":{"x":0.333,"y":0},"n":"0p667_0p989_0p333_0","t":67,"s":[161.5,115,0],"e":[165.486,112.047,0],"to":[-0.00000237428958,0.00001519545367,0],"ti":[0,0,0]},{"i":{"x":0.667,"y":0.667},"o":{"x":0.167,"y":0.167},"n":"0p667_0p667_0p167_0p167","t":72,"s":[165.486,112.047,0],"e":[165.486,112.047,0],"to":[0,0,0],"ti":[0,0,0]},{"i":{"x":0.667,"y":1},"o":{"x":0.167,"y":0.002},"n":"0p667_1_0p167_0p002","t":73,"s":[165.486,112.047,0],"e":[161.5,115,0],"to":[0,0,0],"ti":[0.41666665673256,-2.66666674613953,0]},{"i":{"x":0.667,"y":1},"o":{"x":0.333,"y":0},"n":"0p667_1_0p333_0","t":75,"s":[161.5,115,0],"e":[161.5,115,0],"to":[-0.00000237428958,0.00001519545367,0],"ti":[0.41666665673256,-2.66666674613953,0]},{"i":{"x":0.667,"y":0.995},"o":{"x":0.333,"y":0},"n":"0p667_0p995_0p333_0","t":76,"s":[161.5,115,0],"e":[165.486,112.047,0],"to":[-0.00000237428958,0.00001519545367,0],"ti":[0,0,0]},{"i":{"x":0.667,"y":0.667},"o":{"x":0.167,"y":0.167},"n":"0p667_0p667_0p167_0p167","t":78,"s":[165.486,112.047,0],"e":[165.486,112.047,0],"to":[0,0,0],"ti":[0,0,0]},{"i":{"x":0.667,"y":1},"o":{"x":0.167,"y":0.004},"n":"0p667_1_0p167_0p004","t":79,"s":[165.486,112.047,0],"e":[161.5,115,0],"to":[0,0,0],"ti":[0.41666665673256,-2.66666674613953,0]},{"i":{"x":0.667,"y":1},"o":{"x":0.333,"y":0},"n":"0p667_1_0p333_0","t":83,"s":[161.5,115,0],"e":[161.5,115,0],"to":[-0.00000237428958,0.00001519545367,0],"ti":[0.41666665673256,-2.66666674613953,0]},{"i":{"x":0.667,"y":0.991},"o":{"x":0.333,"y":0},"n":"0p667_0p991_0p333_0","t":84,"s":[161.5,115,0],"e":[165.486,112.047,0],"to":[-0.00000237428958,0.00001519545367,0],"ti":[0,0,0]},{"i":{"x":0.667,"y":0.667},"o":{"x":0.167,"y":0.167},"n":"0p667_0p667_0p167_0p167","t":88,"s":[165.486,112.047,0],"e":[165.486,112.047,0],"to":[0,0,0],"ti":[0,0,0]},{"t":89}],"ix":2},"a":{"a":0,"k":[22.5,11.5,0],"ix":1},"s":{"a":0,"k":[100,100,100],"ix":6}},"ao":0,"ip":0,"op":2338,"st":0,"bm":0},{"ddd":0,"ind":9,"ty":2,"nm":"108_zy.png","cl":"png","parent":7,"refId":"image_5","sr":1,"ks":{"o":{"a":1,"k":[{"i":{"x":[0.833],"y":[0.833]},"o":{"x":[0.167],"y":[0.167]},"n":["0p833_0p833_0p167_0p167"],"t":0,"s":[0],"e":[100]},{"i":{"x":[0.833],"y":[0.833]},"o":{"x":[0.167],"y":[0.167]},"n":["0p833_0p833_0p167_0p167"],"t":3,"s":[100],"e":[100]},{"i":{"x":[0.833],"y":[0.833]},"o":{"x":[0.167],"y":[0.167]},"n":["0p833_0p833_0p167_0p167"],"t":87,"s":[100],"e":[0]},{"t":90}],"ix":11},"r":{"a":0,"k":0,"ix":10},"p":{"a":0,"k":[33.954,29.693,0],"ix":2},"a":{"a":0,"k":[11,11,0],"ix":1},"s":{"a":0,"k":[100,100,100],"ix":6}},"ao":0,"ip":0,"op":2338,"st":0,"bm":0},{"ddd":0,"ind":10,"ty":2,"nm":"108_yy.png","cl":"png","parent":8,"refId":"image_6","sr":1,"ks":{"o":{"a":1,"k":[{"i":{"x":[0.833],"y":[0.833]},"o":{"x":[0.167],"y":[0.167]},"n":["0p833_0p833_0p167_0p167"],"t":0,"s":[0],"e":[100]},{"i":{"x":[0.833],"y":[0.833]},"o":{"x":[0.167],"y":[0.167]},"n":["0p833_0p833_0p167_0p167"],"t":3,"s":[100],"e":[100]},{"i":{"x":[0.833],"y":[0.833]},"o":{"x":[0.167],"y":[0.167]},"n":["0p833_0p833_0p167_0p167"],"t":87,"s":[100],"e":[0]},{"t":90}],"ix":11},"r":{"a":0,"k":0,"ix":10},"p":{"a":0,"k":[11.654,29.277,0],"ix":2},"a":{"a":0,"k":[10.5,11,0],"ix":1},"s":{"a":0,"k":[100,100,100],"ix":6}},"ao":0,"ip":0,"op":2338,"st":0,"bm":0},{"ddd":0,"ind":11,"ty":2,"nm":"108_huo.png","cl":"png","td":1,"refId":"image_7","sr":1,"ks":{"o":{"a":0,"k":100,"ix":11},"r":{"a":0,"k":0,"ix":10},"p":{"a":0,"k":[124.5,204,0],"ix":2},"a":{"a":0,"k":[82,181,0],"ix":1},"s":{"a":0,"k":[112,112,100],"ix":6}},"ao":0,"ip":35,"op":2343,"st":5,"bm":0},{"ddd":0,"ind":12,"ty":2,"nm":"108_huo.png","cl":"png","tt":1,"refId":"image_7","sr":1,"ks":{"o":{"a":1,"k":[{"i":{"x":[0.833],"y":[0.833]},"o":{"x":[0.167],"y":[0.167]},"n":["0p833_0p833_0p167_0p167"],"t":87,"s":[100],"e":[0]},{"t":90}],"ix":11},"r":{"a":0,"k":0,"ix":10},"p":{"a":1,"k":[{"i":{"x":0.833,"y":0.833},"o":{"x":0.167,"y":0.167},"n":"0p833_0p833_0p167_0p167","t":35,"s":[124.5,371,0],"e":[124.5,196,0],"to":[0,-29.1666660308838,0],"ti":[0,25.25,0]},{"i":{"x":0.833,"y":0.833},"o":{"x":0.167,"y":0.167},"n":"0p833_0p833_0p167_0p167","t":45,"s":[124.5,196,0],"e":[124.5,219.5,0],"to":[0,-25.25,0],"ti":[0,-1.41666662693024,0]},{"i":{"x":0.833,"y":0.833},"o":{"x":0.167,"y":0.167},"n":"0p833_0p833_0p167_0p167","t":49,"s":[124.5,219.5,0],"e":[124.5,204.5,0],"to":[0,1.41666662693024,0],"ti":[0,2.58333325386047,0]},{"i":{"x":0.833,"y":0.833},"o":{"x":0.167,"y":0.167},"n":"0p833_0p833_0p167_0p167","t":54,"s":[124.5,204.5,0],"e":[124.5,204,0],"to":[0,-2.58333325386047,0],"ti":[0,0,0]},{"i":{"x":0.833,"y":0.833},"o":{"x":0.167,"y":0.167},"n":"0p833_0p833_0p167_0p167","t":58,"s":[124.5,204,0],"e":[124.5,204.188,0],"to":[0,0,0],"ti":[0,0,0]},{"i":{"x":0.833,"y":0.833},"o":{"x":0.167,"y":0.167},"n":"0p833_0p833_0p167_0p167","t":61,"s":[124.5,204.188,0],"e":[124.5,204.5,0],"to":[0,0,0],"ti":[0,0,0]},{"i":{"x":0.833,"y":0.833},"o":{"x":0.167,"y":0.167},"n":"0p833_0p833_0p167_0p167","t":66,"s":[124.5,204.5,0],"e":[124.5,204,0],"to":[0,0,0],"ti":[0,0.08333333581686,0]},{"i":{"x":0.833,"y":0.833},"o":{"x":0.167,"y":0.167},"n":"0p833_0p833_0p167_0p167","t":72,"s":[124.5,204,0],"e":[124.5,204,0],"to":[0,0,0],"ti":[0,0,0]},{"i":{"x":0.833,"y":0.833},"o":{"x":0.167,"y":0.167},"n":"0p833_0p833_0p167_0p167","t":75,"s":[124.5,204,0],"e":[124.5,204.188,0],"to":[0,0.03392142429948,0],"ti":[0,0,0]},{"i":{"x":0.833,"y":0.833},"o":{"x":0.167,"y":0.167},"n":"0p833_0p833_0p167_0p167","t":78,"s":[124.5,204.188,0],"e":[124.5,204.5,0],"to":[0,0,0],"ti":[0,-0.04941191151738,0]},{"i":{"x":0.833,"y":0.833},"o":{"x":0.167,"y":0.167},"n":"0p833_0p833_0p167_0p167","t":83,"s":[124.5,204.5,0],"e":[124.5,204,0],"to":[0,0.08333333581686,0],"ti":[0,0.08333333581686,0]},{"t":88}],"ix":2},"a":{"a":0,"k":[82,181,0],"ix":1},"s":{"a":1,"k":[{"i":{"x":[0.833,0.833,0.833],"y":[0.833,0.833,0.833]},"o":{"x":[0.167,0.167,0.167],"y":[0.167,0.167,0.167]},"n":["0p833_0p833_0p167_0p167","0p833_0p833_0p167_0p167","0p833_0p833_0p167_0p167"],"t":45,"s":[100,100,100],"e":[102,100,100]},{"i":{"x":[0.833,0.833,0.833],"y":[0.833,0.833,0.833]},"o":{"x":[0.167,0.167,0.167],"y":[0.167,0.167,0.167]},"n":["0p833_0p833_0p167_0p167","0p833_0p833_0p167_0p167","0p833_0p833_0p167_0p167"],"t":49,"s":[102,100,100],"e":[95,100,100]},{"i":{"x":[0.833,0.833,0.833],"y":[0.833,0.833,0.833]},"o":{"x":[0.167,0.167,0.167],"y":[0.167,0.167,0.167]},"n":["0p833_0p833_0p167_0p167","0p833_0p833_0p167_0p167","0p833_0p833_0p167_0p167"],"t":54,"s":[95,100,100],"e":[106,92,100]},{"i":{"x":[0.833,0.833,0.833],"y":[0.833,0.833,0.833]},"o":{"x":[0.167,0.167,0.167],"y":[0.167,0.167,0.167]},"n":["0p833_0p833_0p167_0p167","0p833_0p833_0p167_0p167","0p833_0p833_0p167_0p167"],"t":58,"s":[106,92,100],"e":[103,95,100]},{"i":{"x":[0.833,0.833,0.833],"y":[0.833,0.833,0.833]},"o":{"x":[0.167,0.167,0.167],"y":[0.167,0.167,0.167]},"n":["0p833_0p833_0p167_0p167","0p833_0p833_0p167_0p167","0p833_0p833_0p167_0p167"],"t":61,"s":[103,95,100],"e":[108,100,100]},{"i":{"x":[0.833,0.833,0.833],"y":[0.833,0.833,0.833]},"o":{"x":[0.167,0.167,0.167],"y":[0.167,0.167,0.167]},"n":["0p833_0p833_0p167_0p167","0p833_0p833_0p167_0p167","0p833_0p833_0p167_0p167"],"t":66,"s":[108,100,100],"e":[100,95,100]},{"i":{"x":[0.833,0.833,0.833],"y":[0.833,0.833,0.833]},"o":{"x":[0.167,0.167,0.167],"y":[0.167,0.167,0.167]},"n":["0p833_0p833_0p167_0p167","0p833_0p833_0p167_0p167","0p833_0p833_0p167_0p167"],"t":72,"s":[100,95,100],"e":[106,92,100]},{"i":{"x":[0.833,0.833,0.833],"y":[0.833,0.833,0.833]},"o":{"x":[0.167,0.167,0.167],"y":[0.167,0.167,0.167]},"n":["0p833_0p833_0p167_0p167","0p833_0p833_0p167_0p167","0p833_0p833_0p167_0p167"],"t":75,"s":[106,92,100],"e":[103,95,100]},{"i":{"x":[0.833,0.833,0.833],"y":[0.833,0.833,0.833]},"o":{"x":[0.167,0.167,0.167],"y":[0.167,0.167,0.167]},"n":["0p833_0p833_0p167_0p167","0p833_0p833_0p167_0p167","0p833_0p833_0p167_0p167"],"t":78,"s":[103,95,100],"e":[108,100,100]},{"i":{"x":[0.833,0.833,0.833],"y":[0.833,0.833,0.833]},"o":{"x":[0.167,0.167,0.167],"y":[0.167,0.167,0.167]},"n":["0p833_0p833_0p167_0p167","0p833_0p833_0p167_0p167","0p833_0p833_0p167_0p167"],"t":83,"s":[108,100,100],"e":[100,100,100]},{"t":88}],"ix":6}},"ao":0,"ip":35,"op":2343,"st":5,"bm":0},{"ddd":0,"ind":13,"ty":2,"nm":"108_l.png","cl":"png","refId":"image_8","sr":1,"ks":{"o":{"a":1,"k":[{"i":{"x":[0.833],"y":[0.833]},"o":{"x":[0.167],"y":[0.167]},"n":["0p833_0p833_0p167_0p167"],"t":0,"s":[0],"e":[100]},{"i":{"x":[0.833],"y":[0.833]},"o":{"x":[0.167],"y":[0.167]},"n":["0p833_0p833_0p167_0p167"],"t":3,"s":[100],"e":[100]},{"i":{"x":[0.833],"y":[0.833]},"o":{"x":[0.167],"y":[0.167]},"n":["0p833_0p833_0p167_0p167"],"t":87,"s":[100],"e":[0]},{"t":90}],"ix":11},"r":{"a":0,"k":0,"ix":10},"p":{"a":0,"k":[125,125,0],"ix":2},"a":{"a":0,"k":[79,79,0],"ix":1},"s":{"a":0,"k":[100,100,100],"ix":6}},"ao":0,"ip":0,"op":2338,"st":0,"bm":0}],"markers":[]}