{"v":"5.1.8","fr":24,"ip":0,"op":30,"w":60,"h":60,"nm":"like","ddd":0,"assets":[],"layers":[{"ddd":0,"ind":1,"ty":4,"nm":"形状图层 8","td":1,"sr":1,"ks":{"o":{"a":0,"k":100,"ix":11},"r":{"a":0,"k":225,"ix":10},"p":{"a":0,"k":[30,30,0],"ix":2},"a":{"a":0,"k":[2.083,3.75,0],"ix":1},"s":{"a":1,"k":[{"i":{"x":[0.833,0.833,0.833],"y":[0.833,0.833,0.833]},"o":{"x":[0.167,0.167,0.167],"y":[0.167,0.167,0.167]},"n":["0p833_0p833_0p167_0p167","0p833_0p833_0p167_0p167","0p833_0p833_0p167_0p167"],"t":5,"s":[90,220,100],"e":[110,200,100]},{"t":33}],"ix":6}},"ao":0,"shapes":[{"ty":"gr","it":[{"ty":"rc","d":2,"s":{"a":0,"k":[56.167,1.167],"ix":2},"p":{"a":0,"k":[0,0],"ix":3},"r":{"a":0,"k":20,"ix":4},"nm":"矩形路径 1","mn":"ADBE Vector Shape - Rect","hd":false},{"ty":"fl","c":{"a":0,"k":[0,0,0,1],"ix":4},"o":{"a":0,"k":100,"ix":5},"r":1,"nm":"填充 1","mn":"ADBE Vector Graphic - Fill","hd":false},{"ty":"tr","p":{"a":0,"k":[2.083,3.75],"ix":2},"a":{"a":0,"k":[0,0],"ix":1},"s":{"a":0,"k":[100,100],"ix":3},"r":{"a":0,"k":0,"ix":6},"o":{"a":0,"k":100,"ix":7},"sk":{"a":0,"k":0,"ix":4},"sa":{"a":0,"k":0,"ix":5},"nm":"变换"}],"nm":"矩形 1","np":3,"cix":2,"ix":1,"mn":"ADBE Vector Group","hd":false}],"ip":-4,"op":51,"st":-4,"bm":0},{"ddd":0,"ind":2,"ty":4,"nm":"形状图层 7","tt":2,"sr":1,"ks":{"o":{"a":0,"k":100,"ix":11},"r":{"a":0,"k":225,"ix":10},"p":{"a":0,"k":[30,30,0],"ix":2},"a":{"a":0,"k":[2.083,3.75,0],"ix":1},"s":{"a":1,"k":[{"i":{"x":[0.833,0.833,0.833],"y":[0.833,0.833,0.833]},"o":{"x":[0.167,0.167,0.167],"y":[0.167,0.167,0.167]},"n":["0p833_0p833_0p167_0p167","0p833_0p833_0p167_0p167","0p833_0p833_0p167_0p167"],"t":-3,"s":[0,170,100],"e":[110,170,100]},{"t":15}],"ix":6}},"ao":0,"shapes":[{"ty":"gr","it":[{"ty":"rc","d":1,"s":{"a":0,"k":[56.167,1.167],"ix":2},"p":{"a":0,"k":[0,0],"ix":3},"r":{"a":0,"k":20,"ix":4},"nm":"矩形路径 1","mn":"ADBE Vector Shape - Rect","hd":false},{"ty":"fl","c":{"a":0,"k":[0.874509803922,0.714374676873,0.226343700933,1],"ix":4},"o":{"a":0,"k":100,"ix":5},"r":1,"nm":"填充 1","mn":"ADBE Vector Graphic - Fill","hd":false},{"ty":"tr","p":{"a":0,"k":[2.083,3.75],"ix":2},"a":{"a":0,"k":[0,0],"ix":1},"s":{"a":0,"k":[100,100],"ix":3},"r":{"a":0,"k":0,"ix":6},"o":{"a":0,"k":100,"ix":7},"sk":{"a":0,"k":0,"ix":4},"sa":{"a":0,"k":0,"ix":5},"nm":"变换"}],"nm":"矩形 1","np":3,"cix":2,"ix":1,"mn":"ADBE Vector Group","hd":false}],"ip":-9,"op":51,"st":-9,"bm":0},{"ddd":0,"ind":3,"ty":4,"nm":"形状图层 5","td":1,"sr":1,"ks":{"o":{"a":0,"k":100,"ix":11},"r":{"a":0,"k":135,"ix":10},"p":{"a":0,"k":[30,30,0],"ix":2},"a":{"a":0,"k":[2.083,3.75,0],"ix":1},"s":{"a":1,"k":[{"i":{"x":[0.833,0.833,0.833],"y":[0.833,0.833,0.833]},"o":{"x":[0.167,0.167,0.167],"y":[0.167,0.167,0.167]},"n":["0p833_0p833_0p167_0p167","0p833_0p833_0p167_0p167","0p833_0p833_0p167_0p167"],"t":5,"s":[90,220,100],"e":[110,200,100]},{"t":33}],"ix":6}},"ao":0,"shapes":[{"ty":"gr","it":[{"ty":"rc","d":1,"s":{"a":0,"k":[56.167,1.167],"ix":2},"p":{"a":0,"k":[0,0],"ix":3},"r":{"a":0,"k":20,"ix":4},"nm":"矩形路径 1","mn":"ADBE Vector Shape - Rect","hd":false},{"ty":"fl","c":{"a":0,"k":[0,0,0,1],"ix":4},"o":{"a":0,"k":100,"ix":5},"r":1,"nm":"填充 1","mn":"ADBE Vector Graphic - Fill","hd":false},{"ty":"tr","p":{"a":0,"k":[2.083,3.75],"ix":2},"a":{"a":0,"k":[0,0],"ix":1},"s":{"a":0,"k":[100,100],"ix":3},"r":{"a":0,"k":0,"ix":6},"o":{"a":0,"k":100,"ix":7},"sk":{"a":0,"k":0,"ix":4},"sa":{"a":0,"k":0,"ix":5},"nm":"变换"}],"nm":"矩形 1","np":3,"cix":2,"ix":1,"mn":"ADBE Vector Group","hd":false}],"ip":-4,"op":51,"st":-4,"bm":0},{"ddd":0,"ind":4,"ty":4,"nm":"形状图层 6","tt":2,"sr":1,"ks":{"o":{"a":0,"k":100,"ix":11},"r":{"a":0,"k":135,"ix":10},"p":{"a":0,"k":[30,30,0],"ix":2},"a":{"a":0,"k":[2.083,3.75,0],"ix":1},"s":{"a":1,"k":[{"i":{"x":[0.833,0.833,0.833],"y":[0.833,0.833,0.833]},"o":{"x":[0.167,0.167,0.167],"y":[0.167,0.167,0.167]},"n":["0p833_0p833_0p167_0p167","0p833_0p833_0p167_0p167","0p833_0p833_0p167_0p167"],"t":-3,"s":[0,170,100],"e":[110,170,100]},{"t":15}],"ix":6}},"ao":0,"shapes":[{"ty":"gr","it":[{"ty":"rc","d":1,"s":{"a":0,"k":[56.167,1.167],"ix":2},"p":{"a":0,"k":[0,0],"ix":3},"r":{"a":0,"k":20,"ix":4},"nm":"矩形路径 1","mn":"ADBE Vector Shape - Rect","hd":false},{"ty":"fl","c":{"a":0,"k":[0.874509803922,0.713725490196,0.227450980392,1],"ix":4},"o":{"a":0,"k":100,"ix":5},"r":1,"nm":"填充 1","mn":"ADBE Vector Graphic - Fill","hd":false},{"ty":"tr","p":{"a":0,"k":[2.083,3.75],"ix":2},"a":{"a":0,"k":[0,0],"ix":1},"s":{"a":0,"k":[100,100],"ix":3},"r":{"a":0,"k":0,"ix":6},"o":{"a":0,"k":100,"ix":7},"sk":{"a":0,"k":0,"ix":4},"sa":{"a":0,"k":0,"ix":5},"nm":"变换"}],"nm":"矩形 1","np":3,"cix":2,"ix":1,"mn":"ADBE Vector Group","hd":false}],"ip":-9,"op":51,"st":-9,"bm":0},{"ddd":0,"ind":5,"ty":4,"nm":"形状图层 3","td":1,"sr":1,"ks":{"o":{"a":0,"k":100,"ix":11},"r":{"a":0,"k":90,"ix":10},"p":{"a":0,"k":[30,30,0],"ix":2},"a":{"a":0,"k":[2.083,3.75,0],"ix":1},"s":{"a":1,"k":[{"i":{"x":[0.833,0.833,0.833],"y":[0.833,0.833,0.833]},"o":{"x":[0.167,0.167,0.167],"y":[0.167,0.167,0.167]},"n":["0p833_0p833_0p167_0p167","0p833_0p833_0p167_0p167","0p833_0p833_0p167_0p167"],"t":5,"s":[90,220,100],"e":[105,200,100]},{"t":33}],"ix":6}},"ao":0,"shapes":[{"ty":"gr","it":[{"ty":"rc","d":1,"s":{"a":0,"k":[56.167,1.167],"ix":2},"p":{"a":0,"k":[0,0],"ix":3},"r":{"a":0,"k":20,"ix":4},"nm":"矩形路径 1","mn":"ADBE Vector Shape - Rect","hd":false},{"ty":"fl","c":{"a":0,"k":[0,0,0,1],"ix":4},"o":{"a":0,"k":100,"ix":5},"r":1,"nm":"填充 1","mn":"ADBE Vector Graphic - Fill","hd":false},{"ty":"tr","p":{"a":0,"k":[2.083,3.75],"ix":2},"a":{"a":0,"k":[0,0],"ix":1},"s":{"a":0,"k":[100,100],"ix":3},"r":{"a":0,"k":0,"ix":6},"o":{"a":0,"k":100,"ix":7},"sk":{"a":0,"k":0,"ix":4},"sa":{"a":0,"k":0,"ix":5},"nm":"变换"}],"nm":"矩形 1","np":3,"cix":2,"ix":1,"mn":"ADBE Vector Group","hd":false}],"ip":-4,"op":51,"st":-4,"bm":0},{"ddd":0,"ind":6,"ty":4,"nm":"形状图层 4","tt":2,"sr":1,"ks":{"o":{"a":0,"k":100,"ix":11},"r":{"a":0,"k":90,"ix":10},"p":{"a":0,"k":[30,30,0],"ix":2},"a":{"a":0,"k":[2.083,3.75,0],"ix":1},"s":{"a":1,"k":[{"i":{"x":[0.833,0.833,0.833],"y":[0.833,0.833,0.833]},"o":{"x":[0.167,0.167,0.167],"y":[0.167,0.167,0.167]},"n":["0p833_0p833_0p167_0p167","0p833_0p833_0p167_0p167","0p833_0p833_0p167_0p167"],"t":-3,"s":[0,170,100],"e":[105,170,100]},{"t":15}],"ix":6}},"ao":0,"shapes":[{"ty":"gr","it":[{"ty":"rc","d":1,"s":{"a":0,"k":[56.167,1.167],"ix":2},"p":{"a":0,"k":[0,0],"ix":3},"r":{"a":0,"k":20,"ix":4},"nm":"矩形路径 1","mn":"ADBE Vector Shape - Rect","hd":false},{"ty":"fl","c":{"a":0,"k":[0.18431372549,0.733333333333,0.423529411765,1],"ix":4},"o":{"a":0,"k":100,"ix":5},"r":1,"nm":"填充 1","mn":"ADBE Vector Graphic - Fill","hd":false},{"ty":"tr","p":{"a":0,"k":[2.083,3.75],"ix":2},"a":{"a":0,"k":[0,0],"ix":1},"s":{"a":0,"k":[100,100],"ix":3},"r":{"a":0,"k":0,"ix":6},"o":{"a":0,"k":100,"ix":7},"sk":{"a":0,"k":0,"ix":4},"sa":{"a":0,"k":0,"ix":5},"nm":"变换"}],"nm":"矩形 1","np":3,"cix":2,"ix":1,"mn":"ADBE Vector Group","hd":false}],"ip":-9,"op":51,"st":-9,"bm":0},{"ddd":0,"ind":7,"ty":4,"nm":"形状图层 2","td":1,"sr":1,"ks":{"o":{"a":0,"k":100,"ix":11},"r":{"a":0,"k":0,"ix":10},"p":{"a":0,"k":[30,30,0],"ix":2},"a":{"a":0,"k":[2.083,3.75,0],"ix":1},"s":{"a":1,"k":[{"i":{"x":[0.833,0.833,0.833],"y":[0.833,0.833,0.833]},"o":{"x":[0.167,0.167,0.167],"y":[0.167,0.167,0.167]},"n":["0p833_0p833_0p167_0p167","0p833_0p833_0p167_0p167","0p833_0p833_0p167_0p167"],"t":5,"s":[90,220,100],"e":[105,200,100]},{"t":33}],"ix":6}},"ao":0,"shapes":[{"ty":"gr","it":[{"ty":"rc","d":1,"s":{"a":0,"k":[56.167,1.167],"ix":2},"p":{"a":0,"k":[0,0],"ix":3},"r":{"a":0,"k":20,"ix":4},"nm":"矩形路径 1","mn":"ADBE Vector Shape - Rect","hd":false},{"ty":"fl","c":{"a":0,"k":[0,0,0,1],"ix":4},"o":{"a":0,"k":100,"ix":5},"r":1,"nm":"填充 1","mn":"ADBE Vector Graphic - Fill","hd":false},{"ty":"tr","p":{"a":0,"k":[2.083,3.75],"ix":2},"a":{"a":0,"k":[0,0],"ix":1},"s":{"a":0,"k":[100,100],"ix":3},"r":{"a":0,"k":0,"ix":6},"o":{"a":0,"k":100,"ix":7},"sk":{"a":0,"k":0,"ix":4},"sa":{"a":0,"k":0,"ix":5},"nm":"变换"}],"nm":"矩形 1","np":3,"cix":2,"ix":1,"mn":"ADBE Vector Group","hd":false}],"ip":-4,"op":51,"st":-4,"bm":0},{"ddd":0,"ind":8,"ty":4,"nm":"形状图层 1","tt":2,"sr":1,"ks":{"o":{"a":0,"k":100,"ix":11},"r":{"a":0,"k":0,"ix":10},"p":{"a":0,"k":[30,30,0],"ix":2},"a":{"a":0,"k":[2.083,3.75,0],"ix":1},"s":{"a":1,"k":[{"i":{"x":[0.833,0.833,0.833],"y":[0.833,0.833,0.833]},"o":{"x":[0.167,0.167,0.167],"y":[0.167,0.167,0.167]},"n":["0p833_0p833_0p167_0p167","0p833_0p833_0p167_0p167","0p833_0p833_0p167_0p167"],"t":-3,"s":[0,170,100],"e":[105,170,100]},{"t":15}],"ix":6}},"ao":0,"shapes":[{"ty":"gr","it":[{"ty":"rc","d":1,"s":{"a":0,"k":[56.167,1.167],"ix":2},"p":{"a":0,"k":[0,0],"ix":3},"r":{"a":0,"k":20,"ix":4},"nm":"矩形路径 1","mn":"ADBE Vector Shape - Rect","hd":false},{"ty":"fl","c":{"a":0,"k":[0.18431372549,0.733333333333,0.423529411765,1],"ix":4},"o":{"a":0,"k":100,"ix":5},"r":1,"nm":"填充 1","mn":"ADBE Vector Graphic - Fill","hd":false},{"ty":"tr","p":{"a":0,"k":[2.083,3.75],"ix":2},"a":{"a":0,"k":[0,0],"ix":1},"s":{"a":0,"k":[100,100],"ix":3},"r":{"a":0,"k":0,"ix":6},"o":{"a":0,"k":100,"ix":7},"sk":{"a":0,"k":0,"ix":4},"sa":{"a":0,"k":0,"ix":5},"nm":"变换"}],"nm":"矩形 1","np":3,"cix":2,"ix":1,"mn":"ADBE Vector Group","hd":false}],"ip":-9,"op":51,"st":-9,"bm":0},{"ddd":0,"ind":9,"ty":4,"nm":"“like mian”轮廓","sr":1,"ks":{"o":{"a":1,"k":[{"i":{"x":[0.833],"y":[0.833]},"o":{"x":[0.167],"y":[0.167]},"n":["0p833_0p833_0p167_0p167"],"t":6,"s":[0],"e":[100]},{"t":15}],"ix":11},"r":{"a":0,"k":0,"ix":10},"p":{"a":0,"k":[30,30,0],"ix":2},"a":{"a":0,"k":[-198.413,704.365,0],"ix":1},"s":{"a":1,"k":[{"i":{"x":[0.523,0.523,0.667],"y":[0.967,0.967,1]},"o":{"x":[0.476,0.476,0.333],"y":[0.052,0.052,0]},"n":["0p523_0p967_0p476_0p052","0p523_0p967_0p476_0p052","0p667_1_0p333_0"],"t":6,"s":[10,10,100],"e":[98,98,100]},{"i":{"x":[0.541,0.541,0.667],"y":[0.964,0.964,1]},"o":{"x":[0.24,0.24,0.333],"y":[-0.048,-0.048,0]},"n":["0p541_0p964_0p24_-0p048","0p541_0p964_0p24_-0p048","0p667_1_0p333_0"],"t":14,"s":[98,98,100],"e":[89.1,89.1,100]},{"i":{"x":[0.619,0.619,0.667],"y":[1.126,1.126,1]},"o":{"x":[0.221,0.221,0.333],"y":[-0.005,-0.005,0]},"n":["0p619_1p126_0p221_-0p005","0p619_1p126_0p221_-0p005","0p667_1_0p333_0"],"t":18,"s":[89.1,89.1,100],"e":[91.5,91.5,100]},{"i":{"x":[0.657,0.657,0.667],"y":[0.763,0.763,1]},"o":{"x":[0.299,0.299,0.333],"y":[0.053,0.053,0]},"n":["0p657_0p763_0p299_0p053","0p657_0p763_0p299_0p053","0p667_1_0p333_0"],"t":22,"s":[91.5,91.5,100],"e":[89.141,89.141,100]},{"t":27}],"ix":6}},"ao":0,"shapes":[{"ty":"gr","it":[{"ind":0,"ty":"sh","ix":1,"ks":{"a":0,"k":{"i":[[1.663,-0.032],[2.902,-3.672],[0,-3.464],[0,-5.055],[0,0],[0,0],[-1.745,-1.893],[-6.12,0],[-8.483,0.073],[0,0]],"o":[[-4.228,0.082],[-1.85,2.341],[0,2.231],[0,0],[0,0],[0,3.894],[1.876,2.035],[1.201,0],[0,0],[-7.651,0.24]],"v":[[-65.552,-28.645],[-77.374,-22.543],[-80.361,-13.686],[-80.425,0.72],[-80.425,49.153],[-80.425,64.026],[-76.23,73.56],[-64.408,78.136],[-42.289,78.136],[-42.289,-28.645]],"c":true},"ix":2},"nm":"路径 1","mn":"ADBE Vector Shape - Group","hd":false},{"ind":1,"ty":"sh","ix":2,"ks":{"a":1,"k":[{"i":{"x":0.598,"y":0.992},"o":{"x":0.877,"y":0},"n":"0p598_0p992_0p877_0","t":9,"s":[{"i":[[1.822,4.428],[3.547,1.616],[1.37,0.106],[0,0],[1.58,1.847],[2.475,2.104],[2.27,1.796],[2.374,1.604],[4.631,-2.597],[4.223,-2.44],[7.115,-4.132],[0,0],[0,0],[0.014,-0.793],[0,0],[-3.196,0.087],[-1.833,1.229],[-0.603,7.027],[-0.821,2.186],[-0.216,0.393],[-0.254,2.963],[-0.744,2.11],[-0.537,0.886],[-0.171,2.501],[-0.748,2.081],[-1.392,3.676]],"o":[[-1.911,-4.649],[-1.101,-0.502],[0,0],[-1.665,-2.321],[-1.545,-1.806],[-0.381,-0.752],[-2.728,-2.012],[-4.173,-2.819],[-6.722,3.77],[-6.974,4.03],[0,0],[0,0],[0,3.346],[0,0],[7.06,0.001],[3.57,-0.096],[4.983,-3.341],[0.676,-7.852],[0.15,-0.399],[1.345,-2.447],[0.889,-10.389],[0.216,-0.613],[1.198,-1.978],[0.702,-10.268],[0.488,-1.356],[1.424,-3.757]],"v":[[78.603,-17.585],[68.688,-27.12],[63.349,-28.645],[26.357,-28.645],[25.016,-31.623],[20.312,-36.164],[16.233,-39.903],[9.464,-44.947],[-2.789,-49.553],[-21.898,-37.094],[-34.661,-29.027],[-34.661,44.958],[-34.661,67.459],[-34.661,78.136],[31.314,78.136],[51.527,78.136],[59.917,75.467],[69.069,60.594],[68.688,49.535],[70.214,48.009],[72.884,39.619],[72.121,28.559],[74.027,25.89],[76.315,18.644],[75.552,7.584],[78.603,3.008]],"c":true}],"e":[{"i":[[1.822,4.428],[3.547,1.616],[1.37,0.106],[0,0],[-1.586,8.012],[0.648,1.93],[11.32,0.285],[1.771,-0.57],[2.649,-3.665],[2.657,-6.855],[7.115,-4.132],[0,0],[0,0],[0.014,-0.793],[0,0],[-3.196,0.087],[-1.833,1.229],[-0.603,7.027],[-0.821,2.186],[-0.216,0.393],[-0.254,2.963],[-0.744,2.11],[-0.537,0.886],[-0.171,2.501],[-0.748,2.081],[-1.392,3.676]],"o":[[-1.911,-4.649],[-1.101,-0.502],[0,0],[2.897,-5.952],[0.851,-4.3],[-3.565,-10.608],[-2.764,0.066],[-4.729,1.524],[-4.514,6.247],[-3.101,8.005],[0,0],[0,0],[0,3.346],[0,0],[7.06,0.001],[3.57,-0.096],[4.983,-3.341],[0.676,-7.852],[0.15,-0.399],[1.345,-2.447],[0.889,-10.389],[0.216,-0.613],[1.198,-1.978],[0.702,-10.268],[0.488,-1.356],[1.424,-3.757]],"v":[[78.603,-17.585],[68.688,-27.12],[63.349,-28.645],[26.357,-28.645],[32.84,-47.332],[32.077,-60.68],[9.195,-78.223],[1.95,-77.079],[-11.017,-69.07],[-17.882,-45.425],[-34.661,-29.027],[-34.661,44.958],[-34.661,67.459],[-34.661,78.136],[31.314,78.136],[51.527,78.136],[59.917,75.467],[69.069,60.594],[68.688,49.535],[70.214,48.009],[72.884,39.619],[72.121,28.559],[74.027,25.89],[76.315,18.644],[75.552,7.584],[78.603,3.008]],"c":true}]},{"t":13}],"ix":2},"nm":"路径 2","mn":"ADBE Vector Shape - Group","hd":false},{"ty":"mm","mm":1,"nm":"合并路径 1","mn":"ADBE Vector Filter - Merge","hd":false},{"ty":"fl","c":{"a":0,"k":[0.18431372549,0.733333333333,0.423529411765,1],"ix":4},"o":{"a":0,"k":100,"ix":5},"r":1,"nm":"填充 1","mn":"ADBE Vector Graphic - Fill","hd":false},{"ty":"tr","p":{"a":0,"k":[-198.325,704.372],"ix":2},"a":{"a":0,"k":[0,0],"ix":1},"s":{"a":0,"k":[29.458,29.458],"ix":3},"r":{"a":0,"k":0,"ix":6},"o":{"a":0,"k":100,"ix":7},"sk":{"a":0,"k":0,"ix":4},"sa":{"a":0,"k":0,"ix":5},"nm":"变换"}],"nm":"组 1","np":4,"cix":2,"ix":1,"mn":"ADBE Vector Group","hd":false}],"ip":4,"op":51,"st":4,"bm":0},{"ddd":0,"ind":10,"ty":4,"nm":"“like line”轮廓","sr":1,"ks":{"o":{"a":0,"k":100,"ix":11},"r":{"a":0,"k":0,"ix":10},"p":{"a":0,"k":[30,30.46,0],"ix":2},"a":{"a":0,"k":[100,100,0],"ix":1},"s":{"a":1,"k":[{"i":{"x":[0.667,0.667,0.667],"y":[1,1,1]},"o":{"x":[0.47,0.47,0.333],"y":[0.005,0.005,0]},"n":["0p667_1_0p47_0p005","0p667_1_0p47_0p005","0p667_1_0p333_0"],"t":0,"s":[34.904,34.904,100],"e":[0,0,100]},{"t":9}],"ix":6}},"ao":0,"shapes":[{"ty":"gr","it":[{"ind":0,"ty":"sh","ix":1,"ks":{"a":0,"k":{"i":[[0,0],[0,0],[0,3.967],[0,0],[-3.966,0],[0,0]],"o":[[0,0],[-3.966,0],[0,0],[0,-3.966],[0,0],[0,0]],"v":[[-31.602,53.148],[-47.403,53.148],[-54.585,45.965],[-54.585,-8.619],[-47.403,-15.801],[-31.602,-15.801]],"c":true},"ix":2},"nm":"路径 1","mn":"ADBE Vector Shape - Group","hd":false},{"ind":1,"ty":"sh","ix":2,"ks":{"a":0,"k":{"i":[[0,0],[8.026,0],[0,0],[-0.14,0.901],[-0.017,0.194],[2.382,4.969],[1.127,0.606],[2.519,0],[2.564,-4.47],[0.126,-1.049],[0.912,-4.419],[4.482,-1.618],[0,0],[0,-6.347],[0,0],[-6.346,0],[0,0],[0,0],[0,0],[0,0],[-2.194,10.601],[-1.307,5.032],[-0.042,0.194],[-0.101,0.157],[-0.175,0.304],[-4.35,0],[-1.313,-0.764],[-1.125,-2.352],[0.294,-3.515],[2.253,-4.267],[0,0],[0,0],[0,-5.193],[0,0],[1.28,-1.581],[0,0],[0,0],[0,-0.833],[0,0],[1.253,-1.572],[0,0],[0,0],[0,-0.85],[0,0],[1.266,-1.573],[0,0],[0,0],[0,-0.841],[0,0],[4.792,0],[0,0],[0,0],[0,0],[0,7.993],[0,0],[0.381,1.297],[0,3.445],[0,0],[0.384,1.307],[0,3.425],[0,0],[0.371,1.28],[0,3.462]],"o":[[0,-7.994],[0,0],[4.07,-7.71],[0.031,-0.194],[0.356,-4.27],[-2.06,-4.295],[-2.188,-1.274],[-5.137,0],[-0.527,0.917],[-0.006,0.054],[-1.842,8.899],[0,0],[-6.346,0],[0,0],[0,6.347],[0,0],[0,0],[0,0],[0,0],[5.978,-2.441],[0.491,-2.379],[0.069,-0.265],[0.092,-0.162],[0.204,-0.32],[1.05,-1.829],[1.507,0],[1.48,0.799],[1.84,3.837],[-0.589,3.892],[0,0],[0,0],[4.244,0],[0,0],[0,2.036],[0,0],[0,0],[0.227,0.789],[0,0],[0,2.012],[0,0],[0,0],[0.238,0.808],[0,0],[0,2.022],[0,0],[0,0],[0.233,0.788],[0,0],[0,4.825],[0,0],[0,0],[0,0],[7.959,0],[0,0],[0,-1.414],[2.005,-2.491],[0,0],[0,-1.431],[1.983,-2.484],[0,0],[0,-1.401],[2.024,-2.497],[0,0]],"v":[[60.33,-8.254],[45.772,-21.558],[20.11,-21.558],[25.072,-35.687],[25.143,-36.262],[22.862,-49.364],[15.189,-56.947],[7.99,-58.894],[-8.266,-51.644],[-9.752,-48.66],[-12.665,-36.674],[-29.198,-21.547],[-48.839,-21.547],[-60.331,-10.055],[-60.331,47.402],[-48.839,58.894],[-25.856,58.894],[-25.856,50.275],[-25.825,50.275],[-25.58,-16.789],[-7.038,-35.51],[-4.33,-46.676],[-4.165,-47.367],[-3.862,-47.843],[-3.285,-48.78],[7.99,-53.148],[12.299,-51.981],[17.68,-46.879],[19.417,-36.74],[15.029,-24.242],[10.578,-15.812],[45.772,-15.812],[54.584,-8.254],[54.584,-3.056],[52.628,2.471],[50.738,4.802],[51.574,7.684],[51.916,10.126],[51.916,12.762],[50,18.236],[48.131,20.574],[48.976,23.443],[49.335,25.943],[49.335,28.577],[47.399,34.076],[45.513,36.416],[46.361,39.299],[46.711,41.757],[46.711,44.395],[38.023,53.148],[-11.492,53.148],[-11.492,58.894],[38.023,58.894],[52.458,44.395],[52.458,41.757],[51.874,37.678],[55.081,28.577],[55.081,25.943],[54.489,21.822],[57.662,12.762],[57.662,10.126],[57.091,6.087],[60.33,-3.056]],"c":true},"ix":2},"nm":"路径 2","mn":"ADBE Vector Shape - Group","hd":false},{"ty":"mm","mm":1,"nm":"合并路径 1","mn":"ADBE Vector Filter - Merge","hd":false},{"ty":"fl","c":{"a":0,"k":[0,0,0,1],"ix":4},"o":{"a":0,"k":100,"ix":5},"r":1,"nm":"填充 1","mn":"ADBE Vector Graphic - Fill","hd":false},{"ty":"tr","p":{"a":0,"k":[100,98.563],"ix":2},"a":{"a":0,"k":[0,0],"ix":1},"s":{"a":0,"k":[100,100],"ix":3},"r":{"a":0,"k":0,"ix":6},"o":{"a":0,"k":100,"ix":7},"sk":{"a":0,"k":0,"ix":4},"sa":{"a":0,"k":0,"ix":5},"nm":"变换"}],"nm":"组 1","np":4,"cix":2,"ix":1,"mn":"ADBE Vector Group","hd":false}],"ip":0,"op":62,"st":0,"bm":0},{"ddd":0,"ind":11,"ty":4,"nm":"quanquan 2","td":1,"sr":1,"ks":{"o":{"a":0,"k":100,"ix":11},"r":{"a":0,"k":0,"ix":10},"p":{"a":0,"k":[30,30,0],"ix":2},"a":{"a":0,"k":[-0.25,0,0],"ix":1},"s":{"a":1,"k":[{"i":{"x":[0.254,0.254,0.667],"y":[0.971,0.971,1]},"o":{"x":[0.135,0.135,0.333],"y":[0.006,0.006,0]},"n":["0p254_0p971_0p135_0p006","0p254_0p971_0p135_0p006","0p667_1_0p333_0"],"t":6,"s":[0,0,100],"e":[130,130,100]},{"t":20}],"ix":6}},"ao":0,"shapes":[{"ty":"gr","it":[{"d":1,"ty":"el","s":{"a":0,"k":[50,50],"ix":2},"p":{"a":0,"k":[0,0],"ix":3},"nm":"椭圆路径 1","mn":"ADBE Vector Shape - Ellipse","hd":false},{"ty":"fl","c":{"a":0,"k":[1,1,1,1],"ix":4},"o":{"a":0,"k":100,"ix":5},"r":1,"nm":"填充 1","mn":"ADBE Vector Graphic - Fill","hd":false},{"ty":"tr","p":{"a":0,"k":[-0.25,0],"ix":2},"a":{"a":0,"k":[0,0],"ix":1},"s":{"a":0,"k":[100,100],"ix":3},"r":{"a":0,"k":0,"ix":6},"o":{"a":0,"k":100,"ix":7},"sk":{"a":0,"k":0,"ix":4},"sa":{"a":0,"k":0,"ix":5},"nm":"变换"}],"nm":"椭圆 1","np":3,"cix":2,"ix":1,"mn":"ADBE Vector Group","hd":false}],"ip":-1,"op":57,"st":-1,"bm":0},{"ddd":0,"ind":12,"ty":4,"nm":"quanquan","tt":2,"sr":1,"ks":{"o":{"a":0,"k":100,"ix":11},"r":{"a":0,"k":0,"ix":10},"p":{"a":0,"k":[30,30,0],"ix":2},"a":{"a":0,"k":[-0.25,0,0],"ix":1},"s":{"a":1,"k":[{"i":{"x":[0,0,0.667],"y":[0.957,0.957,1]},"o":{"x":[0.135,0.135,0.333],"y":[0.008,0.008,0]},"n":["0_0p957_0p135_0p008","0_0p957_0p135_0p008","0p667_1_0p333_0"],"t":4,"s":[0,0,100],"e":[130,130,100]},{"t":23}],"ix":6}},"ao":0,"shapes":[{"ty":"gr","it":[{"d":1,"ty":"el","s":{"a":0,"k":[50,50],"ix":2},"p":{"a":0,"k":[0,0],"ix":3},"nm":"椭圆路径 1","mn":"ADBE Vector Shape - Ellipse","hd":false},{"ty":"fl","c":{"a":0,"k":[0.634186868107,0.918991986443,0.929411764706,1],"ix":4},"o":{"a":0,"k":100,"ix":5},"r":1,"nm":"填充 1","mn":"ADBE Vector Graphic - Fill","hd":false},{"ty":"tr","p":{"a":0,"k":[-0.25,0],"ix":2},"a":{"a":0,"k":[0,0],"ix":1},"s":{"a":0,"k":[100,100],"ix":3},"r":{"a":0,"k":0,"ix":6},"o":{"a":0,"k":100,"ix":7},"sk":{"a":0,"k":0,"ix":4},"sa":{"a":0,"k":0,"ix":5},"nm":"变换"}],"nm":"椭圆 1","np":3,"cix":2,"ix":1,"mn":"ADBE Vector Group","hd":false}],"ip":-3,"op":58,"st":-3,"bm":0}],"markers":[]}