{"v":"5.5.8","fr":24,"ip":0,"op":44,"w":56,"h":56,"nm":"lingdang","ddd":0,"assets":[{"id":"image_0","w":56,"h":56,"u":"images/","p":"img_0.png","e":0}],"layers":[{"ddd":0,"ind":1,"ty":4,"nm":"形状图层 19","parent":2,"sr":1,"ks":{"o":{"a":0,"k":100,"ix":11},"r":{"a":1,"k":[{"i":{"x":[0.833],"y":[0.833]},"o":{"x":[0.167],"y":[0.167]},"t":0,"s":[0]},{"i":{"x":[0.833],"y":[0.833]},"o":{"x":[0.167],"y":[0.167]},"t":6,"s":[5]},{"i":{"x":[0.833],"y":[0.833]},"o":{"x":[0.167],"y":[0.167]},"t":12,"s":[-6]},{"i":{"x":[0.833],"y":[0.833]},"o":{"x":[0.167],"y":[0.167]},"t":18,"s":[4]},{"i":{"x":[0.833],"y":[0.833]},"o":{"x":[0.167],"y":[0.167]},"t":24,"s":[-4]},{"i":{"x":[0.833],"y":[0.833]},"o":{"x":[0.167],"y":[0.167]},"t":29,"s":[2]},{"t":34,"s":[0]}],"ix":10},"p":{"a":0,"k":[27.813,10.313,0],"ix":2},"a":{"a":0,"k":[316.688,-591.5,0],"ix":1},"s":{"a":0,"k":[100,100,100],"ix":6}},"ao":0,"shapes":[{"ty":"gr","it":[{"ty":"rc","d":1,"s":{"a":0,"k":[12,4],"ix":2},"p":{"a":0,"k":[0,0],"ix":3},"r":{"a":0,"k":56,"ix":4},"nm":"矩形路径 1","mn":"ADBE Vector Shape - Rect","hd":false},{"ty":"fl","c":{"a":0,"k":[0.4,0.4,0.4,1],"ix":4},"o":{"a":0,"k":100,"ix":5},"r":1,"bm":0,"nm":"填充 1","mn":"ADBE Vector Graphic - Fill","hd":false},{"ty":"tr","p":{"a":0,"k":[316.688,-558],"ix":2},"a":{"a":0,"k":[0,0],"ix":1},"s":{"a":0,"k":[100,100],"ix":3},"r":{"a":0,"k":0,"ix":6},"o":{"a":0,"k":100,"ix":7},"sk":{"a":0,"k":0,"ix":4},"sa":{"a":0,"k":0,"ix":5},"nm":"变换"}],"nm":"矩形 1","np":3,"cix":2,"bm":0,"ix":1,"mn":"ADBE Vector Group","hd":false}],"ip":0,"op":44,"st":0,"bm":0},{"ddd":0,"ind":2,"ty":2,"nm":"lingdang 2","refId":"image_0","sr":1,"ks":{"o":{"a":0,"k":100,"ix":11},"r":{"a":1,"k":[{"i":{"x":[0.667],"y":[1]},"o":{"x":[0.681],"y":[0]},"t":0,"s":[0]},{"i":{"x":[0.483],"y":[1]},"o":{"x":[0.333],"y":[0]},"t":6,"s":[11]},{"i":{"x":[0.667],"y":[1]},"o":{"x":[0.291],"y":[0]},"t":12,"s":[-10]},{"i":{"x":[0.47],"y":[1]},"o":{"x":[0.285],"y":[0]},"t":18,"s":[11]},{"i":{"x":[0.302],"y":[1]},"o":{"x":[0.333],"y":[0]},"t":24,"s":[-10]},{"t":30,"s":[0]}],"ix":10},"p":{"a":0,"k":[28,8.25,0],"ix":2},"a":{"a":0,"k":[28,8.25,0],"ix":1},"s":{"a":0,"k":[100,100,100],"ix":6}},"ao":0,"ip":0,"op":44,"st":0,"bm":0}],"markers":[{"tm":-150,"cm":"1","dr":0}]}