{"v":"5.1.8","fr":24,"ip":0,"op":12,"w":100,"h":100,"nm":"麦","ddd":0,"assets":[{"id":"image_0","w":42,"h":67,"u":"images/","p":"img_0.png"}],"layers":[{"ddd":0,"ind":1,"ty":2,"nm":"组 444.png","cl":"png","refId":"image_0","sr":1,"ks":{"o":{"a":1,"k":[{"i":{"x":[0.833],"y":[0.833]},"o":{"x":[0.167],"y":[0.167]},"n":["0p833_0p833_0p167_0p167"],"t":-1,"s":[0],"e":[100]},{"t":5}],"ix":11},"r":{"a":0,"k":0,"ix":10},"p":{"a":0,"k":[50,50,0],"ix":2},"a":{"a":0,"k":[21,33.5,0],"ix":1},"s":{"a":1,"k":[{"i":{"x":[0.667,0.667,0.667],"y":[1,1,1]},"o":{"x":[0.522,0.522,0.333],"y":[0,0,0]},"n":["0p667_1_0p522_0","0p667_1_0p522_0","0p667_1_0p333_0"],"t":-1,"s":[80,80,100],"e":[120,120,100]},{"i":{"x":[0.474,0.474,0.667],"y":[1,1,1]},"o":{"x":[0.434,0.434,0.333],"y":[0,0,0]},"n":["0p474_1_0p434_0","0p474_1_0p434_0","0p667_1_0p333_0"],"t":5,"s":[120,120,100],"e":[100,100,100]},{"t":8}],"ix":6}},"ao":0,"ip":0,"op":12,"st":1,"bm":0}],"markers":[]}