{"v":"5.1.8","fr":30,"ip":0,"op":90,"w":200,"h":200,"nm":"吐舌头 6","ddd":0,"assets":[{"id":"image_0","w":30,"h":18,"u":"images/","p":"110_gg.png"},{"id":"image_1","w":45,"h":35,"u":"images/","p":"110_yy.png"},{"id":"image_2","w":46,"h":35,"u":"images/","p":"110_zy.png"},{"id":"image_3","w":86,"h":75,"u":"images/","p":"110_zsh.png"},{"id":"image_4","w":86,"h":75,"u":"images/","p":"110_sh.png"},{"id":"image_5","w":158,"h":158,"u":"images/","p":"110_l.png"},{"id":"image_6","w":50,"h":56,"u":"images/","p":"110_st.png"},{"id":"image_7","w":107,"h":47,"u":"images/","p":"110_zb.png"}],"layers":[{"ddd":0,"ind":1,"ty":2,"nm":"110_gg.png","cl":"png","parent":3,"refId":"image_0","sr":1,"ks":{"o":{"a":1,"k":[{"i":{"x":[0.833],"y":[0.833]},"o":{"x":[0.167],"y":[0.167]},"n":["0p833_0p833_0p167_0p167"],"t":0,"s":[100],"e":[100]},{"i":{"x":[0.833],"y":[0.833]},"o":{"x":[0.167],"y":[0.167]},"n":["0p833_0p833_0p167_0p167"],"t":5,"s":[100],"e":[100]},{"i":{"x":[0.833],"y":[0.833]},"o":{"x":[0.167],"y":[0.167]},"n":["0p833_0p833_0p167_0p167"],"t":85,"s":[100],"e":[100]},{"t":90}],"ix":11},"r":{"a":0,"k":-1.175,"ix":10},"p":{"a":0,"k":[70.904,-25.673,0],"ix":2},"a":{"a":0,"k":[15,9,0],"ix":1},"s":{"a":0,"k":[99.617,100.385,100],"ix":6}},"ao":0,"ip":0,"op":2338,"st":0,"bm":0},{"ddd":0,"ind":2,"ty":2,"nm":"110_yy.png","cl":"png","refId":"image_1","sr":1,"ks":{"o":{"a":1,"k":[{"i":{"x":[0.833],"y":[0.833]},"o":{"x":[0.167],"y":[0.167]},"n":["0p833_0p833_0p167_0p167"],"t":0,"s":[100],"e":[100]},{"i":{"x":[0.833],"y":[0.833]},"o":{"x":[0.167],"y":[0.167]},"n":["0p833_0p833_0p167_0p167"],"t":5,"s":[100],"e":[100]},{"i":{"x":[0.833],"y":[0.833]},"o":{"x":[0.167],"y":[0.167]},"n":["0p833_0p833_0p167_0p167"],"t":85,"s":[100],"e":[100]},{"t":90}],"ix":11},"r":{"a":0,"k":1.662,"ix":10},"p":{"a":1,"k":[{"i":{"x":0.667,"y":1},"o":{"x":0.333,"y":0},"n":"0p667_1_0p333_0","t":3,"s":[113.472,86.028,0],"e":[113.472,91.028,0],"to":[0,0.83333331346512,0],"ti":[0,-0.83333331346512,0]},{"i":{"x":0.667,"y":0.667},"o":{"x":0.333,"y":0.333},"n":"0p667_0p667_0p333_0p333","t":6,"s":[113.472,91.028,0],"e":[113.472,91.028,0],"to":[0,0,0],"ti":[0,0,0]},{"i":{"x":0.667,"y":1},"o":{"x":0.333,"y":0},"n":"0p667_1_0p333_0","t":10,"s":[113.472,91.028,0],"e":[113.472,86.028,0],"to":[0,-0.83333331346512,0],"ti":[0,0.83333331346512,0]},{"i":{"x":0.833,"y":0.833},"o":{"x":0.167,"y":0.167},"n":"0p833_0p833_0p167_0p167","t":12,"s":[113.472,86.028,0],"e":[113.472,86.028,0],"to":[0,0,0],"ti":[0,0,0]},{"i":{"x":0.667,"y":1},"o":{"x":0.333,"y":0},"n":"0p667_1_0p333_0","t":48,"s":[113.472,86.028,0],"e":[113.472,91.028,0],"to":[0,0.83333331346512,0],"ti":[0,-0.83333331346512,0]},{"i":{"x":0.667,"y":0.667},"o":{"x":0.333,"y":0.333},"n":"0p667_0p667_0p333_0p333","t":51,"s":[113.472,91.028,0],"e":[113.472,91.028,0],"to":[0,0,0],"ti":[0,0,0]},{"i":{"x":0.667,"y":1},"o":{"x":0.333,"y":0},"n":"0p667_1_0p333_0","t":55,"s":[113.472,91.028,0],"e":[113.472,86.028,0],"to":[0,-0.83333331346512,0],"ti":[0,0.83333331346512,0]},{"t":57}],"ix":2},"a":{"a":0,"k":[0.488,19.928,0],"ix":1},"s":{"a":1,"k":[{"i":{"x":[0.667,0.667,0.667],"y":[1,1,1]},"o":{"x":[0.333,0.333,0.333],"y":[0,0,0]},"n":["0p667_1_0p333_0","0p667_1_0p333_0","0p667_1_0p333_0"],"t":3,"s":[100.4,99.6,100],"e":[100.4,50,100]},{"i":{"x":[0.667,0.667,0.667],"y":[1,1,1]},"o":{"x":[0.333,0.333,0.333],"y":[0,0,0]},"n":["0p667_1_0p333_0","0p667_1_0p333_0","0p667_1_0p333_0"],"t":5,"s":[100.4,50,100],"e":[100.4,50,100]},{"i":{"x":[0.667,0.667,0.667],"y":[1,1,1]},"o":{"x":[0.333,0.333,0.333],"y":[0,0,0]},"n":["0p667_1_0p333_0","0p667_1_0p333_0","0p667_1_0p333_0"],"t":11,"s":[100.4,50,100],"e":[100.4,99.6,100]},{"i":{"x":[0.833,0.833,0.833],"y":[1,1,1]},"o":{"x":[0.167,0.167,0.167],"y":[0,0,0]},"n":["0p833_1_0p167_0","0p833_1_0p167_0","0p833_1_0p167_0"],"t":14,"s":[100.4,99.6,100],"e":[100.4,99.6,100]},{"i":{"x":[0.667,0.667,0.667],"y":[1,1,1]},"o":{"x":[0.333,0.333,0.333],"y":[0,0,0]},"n":["0p667_1_0p333_0","0p667_1_0p333_0","0p667_1_0p333_0"],"t":48,"s":[100.4,99.6,100],"e":[100.4,50,100]},{"i":{"x":[0.667,0.667,0.667],"y":[1,1,1]},"o":{"x":[0.333,0.333,0.333],"y":[0,0,0]},"n":["0p667_1_0p333_0","0p667_1_0p333_0","0p667_1_0p333_0"],"t":50,"s":[100.4,50,100],"e":[100.4,50,100]},{"i":{"x":[0.667,0.667,0.667],"y":[1,1,1]},"o":{"x":[0.333,0.333,0.333],"y":[0,0,0]},"n":["0p667_1_0p333_0","0p667_1_0p333_0","0p667_1_0p333_0"],"t":56,"s":[100.4,50,100],"e":[100.4,99.6,100]},{"t":59}],"ix":6}},"ao":0,"ip":0,"op":2338,"st":0,"bm":0},{"ddd":0,"ind":3,"ty":2,"nm":"110_zy.png","cl":"png","refId":"image_2","sr":1,"ks":{"o":{"a":1,"k":[{"i":{"x":[0.833],"y":[0.833]},"o":{"x":[0.167],"y":[0.167]},"n":["0p833_0p833_0p167_0p167"],"t":0,"s":[100],"e":[100]},{"i":{"x":[0.833],"y":[0.833]},"o":{"x":[0.167],"y":[0.167]},"n":["0p833_0p833_0p167_0p167"],"t":5,"s":[100],"e":[100]},{"i":{"x":[0.833],"y":[0.833]},"o":{"x":[0.167],"y":[0.167]},"n":["0p833_0p833_0p167_0p167"],"t":85,"s":[100],"e":[100]},{"t":90}],"ix":11},"r":{"a":0,"k":1.662,"ix":10},"p":{"a":1,"k":[{"i":{"x":0.667,"y":1},"o":{"x":0.333,"y":0},"n":"0p667_1_0p333_0","t":3,"s":[63.13,85.588,0],"e":[63.13,90.588,0],"to":[0,0.83333331346512,0],"ti":[0,-0.83333331346512,0]},{"i":{"x":0.667,"y":0.667},"o":{"x":0.333,"y":0.333},"n":"0p667_0p667_0p333_0p333","t":6,"s":[63.13,90.588,0],"e":[63.13,90.588,0],"to":[0,0,0],"ti":[0,0,0]},{"i":{"x":0.667,"y":1},"o":{"x":0.333,"y":0},"n":"0p667_1_0p333_0","t":10,"s":[63.13,90.588,0],"e":[63.13,85.588,0],"to":[0,-0.83333331346512,0],"ti":[0,0.83333331346512,0]},{"i":{"x":0.833,"y":0.833},"o":{"x":0.167,"y":0.167},"n":"0p833_0p833_0p167_0p167","t":12,"s":[63.13,85.588,0],"e":[63.13,85.588,0],"to":[0,0,0],"ti":[0,0,0]},{"i":{"x":0.667,"y":1},"o":{"x":0.333,"y":0},"n":"0p667_1_0p333_0","t":48,"s":[63.13,85.588,0],"e":[63.13,90.588,0],"to":[0,0.83333331346512,0],"ti":[0,-0.83333331346512,0]},{"i":{"x":0.667,"y":0.667},"o":{"x":0.333,"y":0.333},"n":"0p667_0p667_0p333_0p333","t":51,"s":[63.13,90.588,0],"e":[63.13,90.588,0],"to":[0,0,0],"ti":[0,0,0]},{"i":{"x":0.667,"y":1},"o":{"x":0.333,"y":0},"n":"0p667_1_0p333_0","t":55,"s":[63.13,90.588,0],"e":[63.13,85.588,0],"to":[0,-0.83333331346512,0],"ti":[0,0.83333331346512,0]},{"t":57}],"ix":2},"a":{"a":0,"k":[23,17.5,0],"ix":1},"s":{"a":0,"k":[100.385,99.616,100],"ix":6}},"ao":0,"ip":0,"op":2338,"st":0,"bm":0},{"ddd":0,"ind":4,"ty":2,"nm":"110_zsh.png","cl":"png","parent":3,"refId":"image_3","sr":1,"ks":{"o":{"a":1,"k":[{"i":{"x":[0.833],"y":[0.833]},"o":{"x":[0.167],"y":[0.167]},"n":["0p833_0p833_0p167_0p167"],"t":0,"s":[100],"e":[100]},{"i":{"x":[0.833],"y":[0.833]},"o":{"x":[0.167],"y":[0.167]},"n":["0p833_0p833_0p167_0p167"],"t":5,"s":[100],"e":[100]},{"i":{"x":[0.833],"y":[0.833]},"o":{"x":[0.167],"y":[0.167]},"n":["0p833_0p833_0p167_0p167"],"t":85,"s":[100],"e":[100]},{"t":90}],"ix":11},"r":{"a":0,"k":-12.013,"ix":10},"p":{"a":0,"k":[0.821,26.724,0],"ix":2},"a":{"a":0,"k":[43,37.5,0],"ix":1},"s":{"a":0,"k":[99.642,100.36,100],"ix":6}},"ao":0,"ip":0,"op":2338,"st":0,"bm":0},{"ddd":0,"ind":5,"ty":2,"nm":"110_sh.png","cl":"png","parent":3,"refId":"image_4","sr":1,"ks":{"o":{"a":1,"k":[{"i":{"x":[0.833],"y":[0.833]},"o":{"x":[0.167],"y":[0.167]},"n":["0p833_0p833_0p167_0p167"],"t":0,"s":[100],"e":[100]},{"i":{"x":[0.833],"y":[0.833]},"o":{"x":[0.167],"y":[0.167]},"n":["0p833_0p833_0p167_0p167"],"t":5,"s":[100],"e":[100]},{"i":{"x":[0.833],"y":[0.833]},"o":{"x":[0.167],"y":[0.167]},"n":["0p833_0p833_0p167_0p167"],"t":85,"s":[100],"e":[100]},{"t":90}],"ix":11},"r":{"a":0,"k":-12.013,"ix":10},"p":{"a":0,"k":[106.595,28.581,0],"ix":2},"a":{"a":0,"k":[43,37.5,0],"ix":1},"s":{"a":0,"k":[99.642,100.36,100],"ix":6}},"ao":0,"ip":0,"op":2338,"st":0,"bm":0},{"ddd":0,"ind":6,"ty":4,"nm":"形状图层 12","parent":3,"sr":1,"ks":{"o":{"a":0,"k":100,"ix":11},"r":{"a":0,"k":-1.675,"ix":10},"p":{"a":0,"k":[60.803,79.702,0],"ix":2},"a":{"a":0,"k":[1.5,48.75,0],"ix":1},"s":{"a":0,"k":[99.617,92.354,100],"ix":6}},"ao":0,"shapes":[{"ty":"gr","it":[{"ind":0,"ty":"sh","ix":1,"ks":{"a":0,"k":{"i":[[0,0],[-35.307,0],[-1.75,3.5]],"o":[[0,0],[35.25,0],[1.75,-3.5]],"v":[[-45.75,14.75],[1.5,48.75],[46.25,14.75]],"c":false},"ix":2},"nm":"路径 1","mn":"ADBE Vector Shape - Group","hd":false},{"ty":"st","c":{"a":0,"k":[0.721568627451,0.290196078431,0,1],"ix":3},"o":{"a":0,"k":100,"ix":4},"w":{"a":0,"k":3,"ix":5},"lc":2,"lj":2,"nm":"描边 1","mn":"ADBE Vector Graphic - Stroke","hd":false},{"ty":"tr","p":{"a":0,"k":[0,0],"ix":2},"a":{"a":0,"k":[0,0],"ix":1},"s":{"a":0,"k":[100,100],"ix":3},"r":{"a":0,"k":0,"ix":6},"o":{"a":0,"k":100,"ix":7},"sk":{"a":0,"k":0,"ix":4},"sa":{"a":0,"k":0,"ix":5},"nm":"变换"}],"nm":"形状 1","np":3,"cix":2,"ix":1,"mn":"ADBE Vector Group","hd":false}],"ip":45,"op":65,"st":45,"bm":0},{"ddd":0,"ind":7,"ty":4,"nm":"形状图层 11","parent":3,"sr":1,"ks":{"o":{"a":0,"k":100,"ix":11},"r":{"a":0,"k":-1.675,"ix":10},"p":{"a":0,"k":[60.803,79.702,0],"ix":2},"a":{"a":0,"k":[1.5,48.75,0],"ix":1},"s":{"a":0,"k":[99.617,92.354,100],"ix":6}},"ao":0,"shapes":[{"ty":"gr","it":[{"ind":0,"ty":"sh","ix":1,"ks":{"a":0,"k":{"i":[[0,0],[-35.307,0],[-1.75,3.5]],"o":[[0,0],[35.25,0],[1.75,-3.5]],"v":[[-45.75,14.75],[1.5,48.75],[46.25,14.75]],"c":false},"ix":2},"nm":"路径 1","mn":"ADBE Vector Shape - Group","hd":false},{"ty":"st","c":{"a":0,"k":[0.721568627451,0.290196078431,0,1],"ix":3},"o":{"a":0,"k":100,"ix":4},"w":{"a":0,"k":3,"ix":5},"lc":2,"lj":2,"nm":"描边 1","mn":"ADBE Vector Graphic - Stroke","hd":false},{"ty":"tr","p":{"a":0,"k":[0,0],"ix":2},"a":{"a":0,"k":[0,0],"ix":1},"s":{"a":0,"k":[100,100],"ix":3},"r":{"a":0,"k":0,"ix":6},"o":{"a":0,"k":100,"ix":7},"sk":{"a":0,"k":0,"ix":4},"sa":{"a":0,"k":0,"ix":5},"nm":"变换"}],"nm":"形状 1","np":3,"cix":2,"ix":1,"mn":"ADBE Vector Group","hd":false}],"ip":0,"op":20,"st":0,"bm":0},{"ddd":0,"ind":8,"ty":4,"nm":"形状图层 13","parent":13,"sr":1,"ks":{"o":{"a":0,"k":100,"ix":11},"r":{"a":0,"k":-10.338,"ix":10},"p":{"a":0,"k":[57.152,-12.533,0],"ix":2},"a":{"a":0,"k":[0,0,0],"ix":1},"s":{"a":0,"k":[111.328,117.418,100],"ix":6}},"ao":0,"shapes":[{"ty":"gr","it":[{"ind":0,"ty":"sh","ix":1,"ks":{"a":0,"k":{"i":[[0,0],[-44.4,5.319]],"o":[[0,0],[43.846,-5.253]],"v":[[-52,6.25],[39.012,21.234]],"c":false},"ix":2},"nm":"路径 1","mn":"ADBE Vector Shape - Group","hd":false},{"ty":"st","c":{"a":0,"k":[1,0.556862745098,0.282352941176,1],"ix":3},"o":{"a":0,"k":100,"ix":4},"w":{"a":0,"k":2,"ix":5},"lc":1,"lj":1,"ml":4,"nm":"描边 1","mn":"ADBE Vector Graphic - Stroke","hd":false},{"ty":"tr","p":{"a":0,"k":[0,0],"ix":2},"a":{"a":0,"k":[0,0],"ix":1},"s":{"a":0,"k":[100,100],"ix":3},"r":{"a":0,"k":0,"ix":6},"o":{"a":0,"k":100,"ix":7},"sk":{"a":0,"k":0,"ix":4},"sa":{"a":0,"k":0,"ix":5},"nm":"变换"}],"nm":"形状 1","np":3,"cix":2,"ix":1,"mn":"ADBE Vector Group","hd":false}],"ip":65,"op":90,"st":65,"bm":0},{"ddd":0,"ind":9,"ty":4,"nm":"形状图层 1","parent":14,"sr":1,"ks":{"o":{"a":0,"k":100,"ix":11},"r":{"a":0,"k":-10.338,"ix":10},"p":{"a":0,"k":[57.152,-12.533,0],"ix":2},"a":{"a":0,"k":[0,0,0],"ix":1},"s":{"a":0,"k":[111.328,117.418,100],"ix":6}},"ao":0,"shapes":[{"ty":"gr","it":[{"ind":0,"ty":"sh","ix":1,"ks":{"a":0,"k":{"i":[[0,0],[-44.4,5.319]],"o":[[0,0],[43.846,-5.253]],"v":[[-52,6.25],[39.012,21.234]],"c":false},"ix":2},"nm":"路径 1","mn":"ADBE Vector Shape - Group","hd":false},{"ty":"st","c":{"a":0,"k":[1,0.556862745098,0.282352941176,1],"ix":3},"o":{"a":0,"k":100,"ix":4},"w":{"a":0,"k":2,"ix":5},"lc":1,"lj":1,"ml":4,"nm":"描边 1","mn":"ADBE Vector Graphic - Stroke","hd":false},{"ty":"tr","p":{"a":0,"k":[0,0],"ix":2},"a":{"a":0,"k":[0,0],"ix":1},"s":{"a":0,"k":[100,100],"ix":3},"r":{"a":0,"k":0,"ix":6},"o":{"a":0,"k":100,"ix":7},"sk":{"a":0,"k":0,"ix":4},"sa":{"a":0,"k":0,"ix":5},"nm":"变换"}],"nm":"形状 1","np":3,"cix":2,"ix":1,"mn":"ADBE Vector Group","hd":false}],"ip":20,"op":45,"st":20,"bm":0},{"ddd":0,"ind":10,"ty":2,"nm":"110_l.png","cl":"png","parent":15,"refId":"image_5","sr":1,"ks":{"o":{"a":1,"k":[{"i":{"x":[0.833],"y":[0.833]},"o":{"x":[0.167],"y":[0.167]},"n":["0p833_0p833_0p167_0p167"],"t":86,"s":[100],"e":[100]},{"t":91}],"ix":11},"r":{"a":0,"k":-10.338,"ix":10},"p":{"a":0,"k":[80.87,78.155,0],"ix":2},"a":{"a":0,"k":[79,79,0],"ix":1},"s":{"a":0,"k":[100.354,99.647,100],"ix":6}},"ao":0,"hasMask":true,"masksProperties":[{"inv":false,"mode":"a","pt":{"a":0,"k":{"i":[[0,0],[0,0],[0,0],[-35.641,4.494]],"o":[[0,0],[0,0],[0,0],[20.835,-2.627]],"v":[[108.5,83.5],[38.668,69.095],[26.663,86.819],[117.424,103.296]],"c":true},"ix":1},"o":{"a":0,"k":100,"ix":3},"x":{"a":0,"k":0,"ix":4},"nm":"蒙版 1"}],"ip":0,"op":2339,"st":1,"bm":0},{"ddd":0,"ind":11,"ty":2,"nm":"110_st.png","cl":"png","refId":"image_6","sr":1,"ks":{"o":{"a":0,"k":100,"ix":11},"r":{"a":1,"k":[{"i":{"x":[0.833],"y":[0.833]},"o":{"x":[0.167],"y":[0.167]},"n":["0p833_0p833_0p167_0p167"],"t":65,"s":[0],"e":[27]},{"i":{"x":[0.833],"y":[0.833]},"o":{"x":[0.167],"y":[0.167]},"n":["0p833_0p833_0p167_0p167"],"t":70,"s":[27],"e":[-21]},{"i":{"x":[0.833],"y":[0.833]},"o":{"x":[0.167],"y":[0.167]},"n":["0p833_0p833_0p167_0p167"],"t":75,"s":[-21],"e":[27]},{"i":{"x":[0.833],"y":[0.833]},"o":{"x":[0.167],"y":[0.167]},"n":["0p833_0p833_0p167_0p167"],"t":80,"s":[27],"e":[-21]},{"i":{"x":[0.833],"y":[0.833]},"o":{"x":[0.167],"y":[0.167]},"n":["0p833_0p833_0p167_0p167"],"t":85,"s":[-21],"e":[27]},{"t":90}],"ix":10},"p":{"a":1,"k":[{"i":{"x":0.833,"y":0.833},"o":{"x":0.167,"y":0.167},"n":"0p833_0p833_0p167_0p167","t":70,"s":[99.265,109.376,0],"e":[103.284,108.991,0],"to":[0.66968256235123,-0.06423772126436,0],"ti":[0,0,0]},{"i":{"x":0.833,"y":0.833},"o":{"x":0.167,"y":0.167},"n":"0p833_0p833_0p167_0p167","t":75,"s":[103.284,108.991,0],"e":[99.265,109.376,0],"to":[0,0,0],"ti":[0,0,0]},{"i":{"x":0.833,"y":0.833},"o":{"x":0.167,"y":0.167},"n":"0p833_0p833_0p167_0p167","t":80,"s":[99.265,109.376,0],"e":[103.284,108.991,0],"to":[0,0,0],"ti":[0,0,0]},{"i":{"x":0.833,"y":0.833},"o":{"x":0.167,"y":0.167},"n":"0p833_0p833_0p167_0p167","t":85,"s":[103.284,108.991,0],"e":[99.265,109.376,0],"to":[0,0,0],"ti":[0.66968256235123,-0.06423772126436,0]},{"t":90}],"ix":2},"a":{"a":0,"k":[25.5,0.5,0],"ix":1},"s":{"a":0,"k":[90,114,100],"ix":6}},"ao":0,"ip":65,"op":90,"st":60,"bm":0},{"ddd":0,"ind":12,"ty":2,"nm":"110_st.png","cl":"png","refId":"image_6","sr":1,"ks":{"o":{"a":0,"k":100,"ix":11},"r":{"a":1,"k":[{"i":{"x":[0.833],"y":[0.833]},"o":{"x":[0.167],"y":[0.167]},"n":["0p833_0p833_0p167_0p167"],"t":20,"s":[0],"e":[27]},{"i":{"x":[0.833],"y":[0.833]},"o":{"x":[0.167],"y":[0.167]},"n":["0p833_0p833_0p167_0p167"],"t":25,"s":[27],"e":[-21]},{"i":{"x":[0.833],"y":[0.833]},"o":{"x":[0.167],"y":[0.167]},"n":["0p833_0p833_0p167_0p167"],"t":30,"s":[-21],"e":[27]},{"i":{"x":[0.833],"y":[0.833]},"o":{"x":[0.167],"y":[0.167]},"n":["0p833_0p833_0p167_0p167"],"t":35,"s":[27],"e":[-21]},{"i":{"x":[0.833],"y":[0.833]},"o":{"x":[0.167],"y":[0.167]},"n":["0p833_0p833_0p167_0p167"],"t":40,"s":[-21],"e":[27]},{"t":45}],"ix":10},"p":{"a":1,"k":[{"i":{"x":0.833,"y":0.833},"o":{"x":0.167,"y":0.167},"n":"0p833_0p833_0p167_0p167","t":25,"s":[99.265,109.376,0],"e":[103.284,108.991,0],"to":[0.66968256235123,-0.06423772126436,0],"ti":[0,0,0]},{"i":{"x":0.833,"y":0.833},"o":{"x":0.167,"y":0.167},"n":"0p833_0p833_0p167_0p167","t":30,"s":[103.284,108.991,0],"e":[99.265,109.376,0],"to":[0,0,0],"ti":[0,0,0]},{"i":{"x":0.833,"y":0.833},"o":{"x":0.167,"y":0.167},"n":"0p833_0p833_0p167_0p167","t":35,"s":[99.265,109.376,0],"e":[103.284,108.991,0],"to":[0,0,0],"ti":[0,0,0]},{"i":{"x":0.833,"y":0.833},"o":{"x":0.167,"y":0.167},"n":"0p833_0p833_0p167_0p167","t":40,"s":[103.284,108.991,0],"e":[99.265,109.376,0],"to":[0,0,0],"ti":[0.66968256235123,-0.06423772126436,0]},{"t":45}],"ix":2},"a":{"a":0,"k":[25.5,0.5,0],"ix":1},"s":{"a":0,"k":[90,114,100],"ix":6}},"ao":0,"ip":20,"op":45,"st":15,"bm":0},{"ddd":0,"ind":13,"ty":2,"nm":"110_zb.png","cl":"png","refId":"image_7","sr":1,"ks":{"o":{"a":1,"k":[{"i":{"x":[0.833],"y":[0.833]},"o":{"x":[0.167],"y":[0.167]},"n":["0p833_0p833_0p167_0p167"],"t":65,"s":[100],"e":[100]},{"i":{"x":[0.833],"y":[0.833]},"o":{"x":[0.167],"y":[0.167]},"n":["0p833_0p833_0p167_0p167"],"t":70,"s":[100],"e":[100]},{"t":155}],"ix":11},"r":{"a":0,"k":0.5,"ix":10},"p":{"a":0,"k":[98.765,121.876,0],"ix":2},"a":{"a":0,"k":[54.068,11.568,0],"ix":1},"s":{"a":0,"k":[90,85,100],"ix":6}},"ao":0,"ip":65,"op":90,"st":65,"bm":0},{"ddd":0,"ind":14,"ty":2,"nm":"110_zb.png","cl":"png","refId":"image_7","sr":1,"ks":{"o":{"a":1,"k":[{"i":{"x":[0.833],"y":[0.833]},"o":{"x":[0.167],"y":[0.167]},"n":["0p833_0p833_0p167_0p167"],"t":20,"s":[100],"e":[100]},{"i":{"x":[0.833],"y":[0.833]},"o":{"x":[0.167],"y":[0.167]},"n":["0p833_0p833_0p167_0p167"],"t":25,"s":[100],"e":[100]},{"t":110}],"ix":11},"r":{"a":0,"k":0.5,"ix":10},"p":{"a":0,"k":[98.765,121.876,0],"ix":2},"a":{"a":0,"k":[54.068,11.568,0],"ix":1},"s":{"a":0,"k":[90,85,100],"ix":6}},"ao":0,"ip":20,"op":45,"st":20,"bm":0},{"ddd":0,"ind":15,"ty":2,"nm":"110_l.png","cl":"png","refId":"image_5","sr":1,"ks":{"o":{"a":1,"k":[{"i":{"x":[0.833],"y":[0.833]},"o":{"x":[0.167],"y":[0.167]},"n":["0p833_0p833_0p167_0p167"],"t":0,"s":[100],"e":[100]},{"i":{"x":[0.833],"y":[0.833]},"o":{"x":[0.167],"y":[0.167]},"n":["0p833_0p833_0p167_0p167"],"t":5,"s":[100],"e":[100]},{"t":90}],"ix":11},"r":{"a":0,"k":0,"ix":10},"p":{"a":0,"k":[99.666,179.552,0],"ix":2},"a":{"a":0,"k":[78.666,158.552,0],"ix":1},"s":{"a":1,"k":[{"i":{"x":[0.667,0.667,0.667],"y":[1,1,1]},"o":{"x":[0.333,0.333,0.333],"y":[0,0,0]},"n":["0p667_1_0p333_0","0p667_1_0p333_0","0p667_1_0p333_0"],"t":3,"s":[100,100,100],"e":[100,98,100]},{"i":{"x":[0.667,0.667,0.667],"y":[1,1,1]},"o":{"x":[0.333,0.333,0.333],"y":[0,0,0]},"n":["0p667_1_0p333_0","0p667_1_0p333_0","0p667_1_0p333_0"],"t":6,"s":[100,98,100],"e":[100,98,100]},{"i":{"x":[0.667,0.667,0.667],"y":[1,1,1]},"o":{"x":[0.333,0.333,0.333],"y":[0,0,0]},"n":["0p667_1_0p333_0","0p667_1_0p333_0","0p667_1_0p333_0"],"t":10,"s":[100,98,100],"e":[100,100,100]},{"i":{"x":[0.833,0.833,0.833],"y":[1,1,1]},"o":{"x":[0.167,0.167,0.167],"y":[0,0,0]},"n":["0p833_1_0p167_0","0p833_1_0p167_0","0p833_1_0p167_0"],"t":12,"s":[100,100,100],"e":[100,100,100]},{"i":{"x":[0.667,0.667,0.667],"y":[1,1,1]},"o":{"x":[0.333,0.333,0.333],"y":[0,0,0]},"n":["0p667_1_0p333_0","0p667_1_0p333_0","0p667_1_0p333_0"],"t":48,"s":[100,100,100],"e":[100,98,100]},{"i":{"x":[0.667,0.667,0.667],"y":[1,1,1]},"o":{"x":[0.333,0.333,0.333],"y":[0,0,0]},"n":["0p667_1_0p333_0","0p667_1_0p333_0","0p667_1_0p333_0"],"t":51,"s":[100,98,100],"e":[100,98,100]},{"i":{"x":[0.667,0.667,0.667],"y":[1,1,1]},"o":{"x":[0.333,0.333,0.333],"y":[0,0,0]},"n":["0p667_1_0p333_0","0p667_1_0p333_0","0p667_1_0p333_0"],"t":55,"s":[100,98,100],"e":[100,100,100]},{"t":57}],"ix":6}},"ao":0,"ip":0,"op":2338,"st":0,"bm":0}],"markers":[]}